ID,municipi,participacio,sisi,sino,siblanc,no,blanc,altres,vots,poblacio
250019,Abella de la Conca,46,94%,92,75%,4,35%,0,00%,0,00%,1,45%,1,45%,69,147
80018,Abrera,30,64%,68,92%,15,20%,0,81%,9,61%,0,34%,5,11%,2954,9640
250024,Àger,51,93%,83,69%,6,74%,2,48%,1,42%,2,84%,2,84%,282,543
250030,Agramunt,48,83%,87,56%,4,90%,1,90%,2,12%,0,62%,2,91%,2267,4643
80023,Aguilar de Segarra,65,87%,91,24%,1,46%,1,46%,0,73%,2,19%,2,92%,137,208
170010,Agullana,56,57%,90,95%,2,93%,0,49%,2,69%,0,24%,2,69%,409,723
80142,Aiguafreda,60,70%,88,14%,5,54%,1,40%,3,51%,1,01%,0,39%,1282,2112
430017,Aiguamúrcia,48,41%,90,81%,2,36%,0,00%,0,79%,2,10%,3,94%,381,787
170025,Aiguaviva,48,41%,89,18%,5,15%,1,03%,2,32%,0,00%,2,32%,388,614
250387,Aitona,48,41%,86,25%,3,41%,0,72%,2,17%,1,86%,5,58%,967,2028
250045,Alamús, els,48,41%,90,24%,2,93%,0,49%,2,68%,0,73%,2,93%,410,661
250058,Alàs i Cerc,48,41%,88,20%,6,21%,0,62%,0,00%,0,62%,4,35%,161,309
250061,Albagés, l',48,41%,86,00%,5,50%,0,50%,2,00%,1,00%,5,00%,200,378
170031,Albanyà,48,41%,95,95%,0,00%,0,00%,0,00%,0,00%,4,05%,74,129
250077,Albatàrrec,48,41%,82,37%,8,48%,0,54%,3,77%,0,67%,4,17%,743,1745
250083,Albesa,48,41%,87,99%,4,29%,1,23%,1,84%,0,61%,4,04%,816,1391
250096,Albi, l',48,41%,90,52%,3,55%,1,18%,1,90%,0,95%,1,90%,422,725
430022,Albinyana,48,41%,81,40%,7,21%,2,09%,5,50%,0,38%,3,42%,527,1957
430038,Albiol, l',48,41%,83,45%,7,19%,0,72%,4,32%,0,00%,4,32%,139,370
170046,Albons,48,41%,91,64%,3,62%,1,39%,1,67%,0,00%,1,67%,359,605
430043,Alcanar,48,41%,86,53%,4,92%,1,29%,3,25%,0,98%,3,03%,3171,8899
250100,Alcanó,48,41%,88,44%,7,48%,2,72%,1,36%,0,00%,0,00%,147,215
250117,Alcarràs,48,41%,84,37%,6,55%,1,08%,4,98%,0,80%,2,23%,2872,7414
250122,Alcoletge,48,41%,87,02%,6,58%,0,81%,2,61%,0,54%,2,43%,1109,2681
430056,Alcover,48,41%,85,48%,6,18%,1,79%,1,84%,0,76%,3,95%,1846,4188
439044,Aldea, l',48,41%,79,18%,5,64%,1,43%,4,15%,1,56%,8,04%,1542,3756
430069,Aldover,48,41%,84,79%,3,38%,1,13%,7,61%,1,41%,1,69%,355,845
430075,Aleixar, l',48,41%,85,45%,4,69%,1,41%,4,93%,0,94%,2,58%,426,718
80039,Alella,48,41%,83,74%,10,58%,0,59%,2,15%,0,54%,2,40%,4047,7974
430081,Alfara de Carles,48,41%,78,10%,5,71%,3,81%,2,86%,1,90%,7,62%,105,347
250138,Alfarràs,48,41%,79,26%,7,95%,2,71%,4,55%,0,97%,4,55%,1032,2525
250143,Alfés,48,41%,95,50%,2,00%,0,00%,1,50%,0,00%,1,00%,200,285
430094,Alforja,48,41%,88,10%,5,30%,1,16%,2,59%,0,78%,2,07%,773,1589
250156,Algerri,48,41%,90,04%,2,60%,1,73%,1,30%,1,73%,2,60%,231,401
250169,Alguaire,48,41%,91,76%,3,75%,0,30%,2,92%,0,75%,0,52%,1335,2624
250175,Alins,48,41%,88,13%,7,50%,1,25%,0,00%,1,25%,1,88%,160,260
430108,Alió,48,41%,88,13%,3,20%,0,46%,5,02%,0,91%,2,28%,219,360
250194,Almacelles,48,41%,79,73%,10,16%,1,10%,5,08%,0,34%,3,59%,2087,5671
250208,Almatret,48,41%,93,00%,2,00%,0,50%,0,00%,1,00%,3,50%,200,328
250215,Almenar,48,41%,88,74%,4,85%,1,62%,1,68%,0,78%,2,33%,1545,3108
430115,Almoster,48,41%,90,43%,4,78%,0,87%,2,61%,0,43%,0,87%,690,1129
250220,Alòs de Balaguer,48,41%,100,00%,0,00%,0,00%,0,00%,0,00%,0,00%,65,121
170062,Alp,48,41%,86,77%,5,84%,1,03%,2,92%,0,86%,2,58%,582,1451
80044,Alpens,48,41%,96,05%,0,00%,1,13%,1,13%,1,13%,0,56%,177,256
250236,Alpicat,48,41%,84,06%,8,86%,1,12%,4,39%,0,62%,0,95%,2416,4986
250241,Alt Àneu,48,41%,91,13%,1,97%,3,94%,0,99%,1,48%,0,49%,203,378
430120,Altafulla,48,41%,81,68%,9,35%,1,16%,4,45%,0,71%,2,65%,1550,4000
170078,Amer,48,41%,93,48%,2,47%,1,35%,1,51%,0,24%,0,95%,1257,1968
430136,Ametlla de Mar, l',48,41%,87,77%,5,00%,1,21%,2,41%,0,65%,2,97%,2322,6501
80057,Ametlla del Vallès, l',48,41%,87,44%,7,40%,0,82%,2,38%,0,31%,1,64%,3526,6537
439060,Ampolla, l',48,41%,88,11%,3,65%,1,59%,3,09%,1,03%,2,53%,1068,3165
430141,Amposta,48,41%,84,86%,6,66%,0,74%,4,03%,0,66%,3,05%,7016,17805
170084,Anglès,48,41%,92,72%,3,30%,0,91%,1,11%,0,52%,1,43%,2515,4637
250273,Anglesola,48,41%,88,57%,3,47%,0,87%,2,32%,0,58%,4,20%,691,1165
250292,Arbeca,48,41%,90,12%,3,65%,2,16%,1,08%,0,75%,2,24%,1205,2155
430167,Arboç, l',48,41%,80,18%,9,45%,0,53%,5,56%,0,30%,3,96%,1312,4403
430154,Arbolí,48,41%,94,83%,0,00%,1,72%,0,00%,1,72%,1,72%,58,104
170097,Arbúcies,48,41%,92,56%,2,74%,1,01%,0,64%,0,47%,2,57%,2958,5333
80060,Arenys de Mar,48,41%,88,61%,6,10%,0,82%,2,05%,0,51%,1,91%,5855,12870
80076,Arenys de Munt,48,41%,89,68%,4,91%,0,62%,1,86%,0,54%,2,38%,3866,6963
170101,Argelaguer,48,41%,90,21%,2,13%,1,28%,1,70%,1,70%,2,98%,235,364
80082,Argençola,48,41%,92,93%,5,05%,0,00%,1,01%,0,00%,1,01%,99,189
430173,Argentera, l',48,41%,89,53%,1,16%,1,16%,4,65%,0,00%,3,49%,86,142
80095,Argentona,48,41%,86,32%,7,60%,0,55%,3,18%,0,53%,1,82%,4936,9667
170118,Armentera, l',48,41%,94,08%,1,27%,1,06%,0,85%,1,06%,1,69%,473,735
430189,Arnes,48,41%,84,93%,6,16%,2,05%,4,11%,0,68%,2,05%,292,433
250313,Arres,48,41%,100,00%,0,00%,0,00%,0,00%,0,00%,0,00%,8,56
250328,Arsèguel,48,41%,95,00%,2,50%,2,50%,0,00%,0,00%,0,00%,40,68
80109,Artés,48,41%,89,75%,4,91%,0,95%,1,42%,0,63%,2,33%,2528,4650
250334,Artesa de Lleida,48,41%,91,89%,3,09%,0,77%,2,06%,0,26%,1,93%,777,1258
250349,Artesa de Segre,48,41%,89,98%,4,31%,1,66%,0,98%,0,74%,2,34%,1626,3106
430192,Ascó,48,41%,87,10%,3,64%,0,91%,3,79%,1,21%,3,34%,659,1463
250365,Aspa,48,41%,71,43%,12,09%,4,40%,5,49%,1,10%,5,49%,91,191
250371,Avellanes i Santa Linya, les,48,41%,88,57%,2,86%,2,45%,2,04%,0,41%,3,67%,245,422
80116,Avià,48,41%,95,44%,2,24%,0,45%,0,22%,0,30%,1,34%,1339,1891
80121,Avinyó,48,41%,90,88%,2,44%,1,55%,0,81%,1,63%,2,69%,1228,1939
170123,Avinyonet de Puigventós,48,41%,86,00%,5,57%,1,80%,3,77%,0,72%,2,15%,557,1224
80137,Avinyonet del Penedès,48,41%,88,89%,5,29%,1,19%,1,59%,0,40%,2,65%,756,1385
80155,Badalona,48,41%,72,51%,14,42%,1,10%,6,75%,0,46%,4,76%,49580,182725
89045,Badia del Vallès,48,41%,55,06%,16,83%,1,68%,15,94%,0,42%,10,07%,2145,11201
80168,Bagà,48,41%,87,87%,5,44%,0,57%,2,39%,1,15%,2,58%,1047,2016
250390,Baix Pallars,48,41%,93,45%,3,57%,0,60%,1,79%,0,60%,0,00%,168,320
250404,Balaguer,48,41%,87,10%,5,44%,1,32%,3,55%,0,89%,1,70%,5295,13716
80174,Balenyà,48,41%,85,68%,5,38%,1,27%,3,38%,0,85%,3,44%,1655,3046
80180,Balsareny,48,41%,85,73%,5,56%,1,21%,4,78%,1,36%,1,36%,1402,3006
430206,Banyeres del Penedès,48,41%,77,10%,10,02%,1,36%,5,45%,0,25%,5,82%,808,2415
170157,Banyoles,48,41%,92,81%,3,40%,1,03%,1,08%,0,49%,1,19%,8558,15441
250411,Barbens,48,41%,85,60%,5,87%,1,60%,4,27%,0,80%,1,87%,375,733
430213,Barberà de la Conca,48,41%,89,62%,4,25%,0,94%,3,30%,0,00%,1,89%,212,447
82520,Barberà del Vallès,48,41%,65,39%,19,63%,0,78%,8,68%,0,48%,5,04%,7446,26608
80193,Barcelona,48,41%,78,42%,12,88%,0,91%,4,49%,0,56%,2,74%,507454,1400003
250426,Baronia de Rialb, la,48,41%,89,26%,4,96%,0,00%,1,65%,0,00%,4,13%,121,228
170160,Bàscara,48,41%,90,34%,1,81%,1,81%,4,02%,1,01%,1,01%,497,813
250447,Bassella,48,41%,89,57%,4,35%,0,87%,2,61%,1,74%,0,87%,115,214
430228,Batea,48,41%,85,06%,6,78%,1,38%,4,70%,0,41%,1,66%,723,1701
250450,Bausen,48,41%,86,67%,6,67%,0,00%,6,67%,0,00%,0,00%,15,49
80207,Begues,48,41%,83,13%,10,64%,0,81%,2,98%,0,31%,2,13%,2585,5168
170139,Begur,48,41%,85,87%,5,54%,1,09%,3,83%,0,39%,3,28%,1281,3536
250463,Belianes,48,41%,86,93%,4,58%,2,29%,1,63%,1,63%,2,94%,306,484
250485,Bell-lloc d'Urgell,48,41%,89,94%,3,85%,1,38%,1,28%,1,08%,2,47%,1014,1953
251706,Bellaguarda,48,41%,86,56%,2,69%,2,15%,3,23%,1,61%,3,76%,186,287
170182,Bellcaire d'Empordà,48,41%,88,49%,4,66%,1,10%,1,92%,0,82%,3,01%,365,552
250479,Bellcaire d'Urgell,48,41%,91,86%,3,41%,1,31%,1,71%,0,26%,1,44%,762,1128
250498,Bellmunt d'Urgell,48,41%,79,66%,6,78%,2,54%,7,63%,3,39%,0,00%,118,173
430234,Bellmunt del Priorat,48,41%,81,93%,9,64%,1,81%,0,00%,0,00%,6,63%,166,277
80214,Bellprat,48,41%,89,47%,2,63%,2,63%,5,26%,0,00%,0,00%,38,80
250501,Bellpuig,48,41%,90,80%,3,30%,1,12%,1,70%,0,49%,2,59%,2240,4164
430249,Bellvei,48,41%,76,15%,10,69%,1,15%,7,06%,0,57%,4,39%,524,1694
250518,Bellver de Cerdanya,48,41%,87,88%,4,66%,1,52%,1,05%,1,75%,3,15%,858,1863
250523,Bellvís,48,41%,91,16%,2,67%,1,75%,1,58%,1,42%,1,42%,1199,2040
250539,Benavent de Segrià,48,41%,90,55%,4,88%,0,61%,2,90%,0,00%,1,07%,656,1215
430252,Benifallet,48,41%,85,60%,5,26%,1,66%,3,88%,1,11%,2,49%,361,665
430265,Benissanet,48,41%,89,91%,3,06%,1,44%,1,98%,0,54%,3,06%,555,1116
80229,Berga,48,41%,92,61%,2,76%,0,49%,1,35%,0,56%,2,23%,7718,14048
170195,Besalú,48,41%,91,24%,2,43%,0,70%,2,66%,0,70%,2,27%,1278,2024
170209,Bescanó,48,41%,94,05%,2,66%,0,87%,0,46%,0,42%,1,54%,2402,3825
170216,Beuda,48,41%,91,67%,5,56%,1,39%,0,00%,0,00%,1,39%,72,155
80235,Bigues i Riells,48,41%,84,70%,7,37%,0,94%,3,82%,0,23%,2,95%,2986,6950
250557,Biosca,48,41%,85,86%,5,05%,2,02%,2,02%,1,01%,4,04%,99,186
170221,Bisbal d'Empordà, la,48,41%,89,50%,4,08%,1,59%,1,96%,0,65%,2,22%,4142,8740
430271,Bisbal de Falset, la,48,41%,90,07%,1,42%,2,13%,2,13%,2,13%,2,13%,141,194
430287,Bisbal del Penedès, la,48,41%,84,47%,4,47%,0,29%,5,53%,0,39%,4,85%,1030,2909
172348,Biure,48,41%,84,96%,5,31%,0,88%,1,77%,1,77%,5,31%,113,213
430290,Blancafort,48,41%,90,55%,2,76%,1,57%,0,79%,0,00%,4,33%,254,366
170237,Blanes,48,41%,78,17%,11,23%,1,01%,5,20%,0,43%,3,96%,9673,33101
170293,Boadella i les Escaules,48,41%,90,55%,2,36%,0,79%,0,79%,0,79%,4,72%,127,212
170242,Bolvir,48,41%,78,95%,9,87%,0,00%,5,26%,2,63%,3,29%,152,323
430304,Bonastre,48,41%,84,98%,7,51%,1,41%,3,29%,0,94%,1,88%,213,539
250576,Bòrdes, Es,48,41%,57,41%,12,96%,3,70%,16,67%,1,85%,7,41%,54,208
170255,Bordils,48,41%,91,49%,3,81%,0,67%,1,57%,0,78%,1,68%,893,1417
250582,Borges Blanques, les,48,41%,90,36%,4,15%,1,34%,1,69%,0,63%,1,83%,2841,5122
430311,Borges del Camp, les,48,41%,88,88%,3,92%,1,27%,2,33%,0,53%,3,07%,944,1699
170268,Borrassà,48,41%,93,51%,3,12%,0,00%,2,34%,0,78%,0,26%,385,571
80240,Borredà,48,41%,87,54%,3,65%,0,91%,3,34%,0,61%,3,95%,329,502
250595,Bossòst,48,41%,59,82%,11,87%,0,46%,22,37%,2,28%,3,20%,219,1000
430326,Bot,48,41%,84,04%,5,12%,1,20%,4,52%,2,41%,2,71%,332,600
430332,Botarell,48,41%,86,91%,6,32%,1,35%,3,84%,0,45%,1,13%,443,900
250560,Bovera,48,41%,95,08%,3,28%,0,00%,0,00%,0,55%,1,09%,183,275
430347,Bràfim,48,41%,85,98%,3,74%,0,62%,4,05%,1,25%,4,36%,321,567
170274,Breda,48,41%,89,78%,3,64%,0,96%,2,33%,0,35%,2,93%,1977,3166
80253,Bruc, el,48,41%,86,75%,7,36%,0,94%,4,02%,0,13%,0,80%,747,1612
80266,Brull, el,48,41%,95,35%,2,33%,0,78%,0,00%,0,00%,1,55%,129,205
170280,Brunyola,48,41%,93,09%,3,72%,0,53%,0,00%,1,60%,1,06%,188,333
430350,Cabacés,48,41%,86,36%,3,54%,6,06%,2,53%,0,51%,1,01%,198,292
250609,Cabanabona,48,41%,93,48%,0,00%,2,17%,0,00%,2,17%,2,17%,46,86
170314,Cabanelles,48,41%,90,20%,1,96%,4,90%,1,96%,0,00%,0,98%,102,216
170307,Cabanes,48,41%,86,63%,3,95%,3,95%,3,65%,0,61%,1,22%,329,759
80272,Cabanyes, les,48,41%,84,30%,7,10%,0,43%,3,66%,0,00%,4,52%,465,745
250616,Cabó,48,41%,97,22%,0,00%,0,00%,2,78%,0,00%,0,00%,36,89
430363,Cabra del Camp,48,41%,92,94%,3,07%,0,00%,1,53%,0,31%,2,15%,326,943
80288,Cabrera d'Anoia,48,41%,74,68%,8,86%,2,85%,5,70%,0,00%,7,91%,316,1092
80291,Cabrera de Mar,48,41%,85,89%,8,95%,1,27%,1,92%,0,47%,1,50%,2133,3706
80305,Cabrils,48,41%,86,28%,8,78%,0,55%,1,65%,0,42%,2,32%,3098,5609
170329,Cadaqués,48,41%,87,76%,4,17%,1,23%,3,89%,0,76%,2,18%,1054,2438
80312,Calaf,48,41%,85,80%,4,44%,1,46%,4,38%,0,63%,3,30%,1577,2904
430379,Calafell,48,41%,79,63%,9,19%,1,24%,5,29%,0,60%,4,05%,4669,20387
80348,Calders,48,41%,93,12%,2,68%,0,19%,1,72%,0,96%,1,34%,523,790
80327,Caldes d'Estrac,48,41%,83,77%,8,22%,1,10%,1,90%,0,90%,4,11%,998,2344
170335,Caldes de Malavella,48,41%,86,36%,5,32%,0,98%,3,89%,0,53%,2,91%,2442,5734
80333,Caldes de Montbui,48,41%,81,59%,9,57%,0,89%,4,09%,0,46%,3,39%,6719,14073
80351,Calella,48,41%,88,30%,5,83%,0,68%,2,76%,0,40%,2,03%,6050,15461
80370,Calldetenes,48,41%,93,61%,2,60%,0,70%,1,12%,0,63%,1,33%,1425,2043
80386,Callús,48,41%,88,68%,4,01%,0,83%,1,65%,1,06%,3,77%,848,1528
170340,Calonge,48,41%,85,76%,5,46%,1,07%,3,14%,0,60%,3,98%,3188,8881
80364,Calonge de Segarra,48,41%,90,68%,2,54%,0,85%,2,54%,2,54%,0,85%,118,175
250621,Camarasa,48,41%,90,78%,3,35%,2,10%,1,05%,1,26%,1,47%,477,848
439039,Camarles,48,41%,88,97%,3,94%,1,10%,2,29%,0,47%,3,23%,1269,3047
430385,Cambrils,48,41%,79,27%,8,86%,1,30%,5,97%,0,58%,4,01%,7449,27543
170353,Camós,48,41%,92,25%,2,35%,0,47%,1,88%,0,94%,2,11%,426,586
170366,Campdevànol,48,41%,88,53%,5,06%,1,35%,1,52%,0,62%,2,92%,1778,2932
170372,Campelles,48,41%,97,06%,1,47%,0,00%,0,00%,0,00%,1,47%,68,118
80399,Campins,48,41%,90,25%,8,05%,0,85%,0,00%,0,42%,0,42%,236,432
170388,Campllong,48,41%,88,93%,3,95%,2,37%,1,98%,0,79%,1,98%,253,388
170391,Camprodon,48,41%,89,46%,3,59%,1,63%,1,47%,0,74%,3,10%,1224,2117
250637,Canejan,48,41%,64,29%,28,57%,0,00%,7,14%,0,00%,0,00%,14,96
170405,Canet d'Adri,48,41%,92,31%,3,99%,1,14%,0,57%,1,14%,0,85%,351,532
80403,Canet de Mar,48,41%,86,06%,6,92%,0,95%,3,22%,0,51%,2,35%,5495,11723
439076,Canonja, la,48,41%,69,57%,10,92%,1,02%,9,16%,0,46%,8,88%,1081,4658
80410,Canovelles,48,41%,71,00%,12,78%,1,23%,9,45%,0,81%,4,74%,2848,12831
80425,Cànoves i Samalús,48,41%,79,41%,10,45%,1,95%,3,07%,0,82%,4,30%,976,2358
170412,Cantallops,48,41%,85,71%,5,84%,1,30%,1,30%,0,65%,5,19%,154,285
80431,Canyelles,48,41%,77,54%,8,50%,1,13%,5,72%,0,26%,6,85%,1153,3437
430398,Capafonts,48,41%,95,38%,0,00%,4,62%,0,00%,0,00%,0,00%,65,109
430402,Capçanes,48,41%,94,32%,3,79%,0,76%,0,00%,0,00%,1,14%,264,370
80446,Capellades,48,41%,84,77%,6,56%,0,98%,3,70%,0,56%,3,42%,2134,4494
170427,Capmany,48,41%,86,52%,5,32%,1,42%,3,55%,0,00%,3,19%,282,524
80459,Capolat,48,41%,94,29%,2,86%,0,00%,0,00%,2,86%,0,00%,35,70
80462,Cardedeu,48,41%,84,68%,9,54%,0,57%,2,64%,0,70%,1,88%,7016,14070
80478,Cardona,48,41%,78,73%,9,06%,1,51%,5,38%,0,99%,4,34%,2120,4345
80484,Carme,48,41%,89,84%,2,93%,1,35%,2,93%,0,68%,2,26%,443,696
430419,Caseres,48,41%,69,81%,14,15%,3,77%,4,72%,0,94%,6,60%,106,247
170448,Cassà de la Selva,48,41%,91,26%,3,63%,0,64%,1,36%,0,68%,2,43%,4407,8114
80497,Casserres,48,41%,93,42%,1,73%,0,43%,0,86%,1,19%,2,37%,927,1412
80575,Castell de l'Areny,48,41%,93,75%,6,25%,0,00%,0,00%,0,00%,0,00%,32,63
259046,Castell de Mur,48,41%,88,10%,1,19%,2,38%,1,19%,2,38%,4,76%,84,150
170486,Castell-Platja d'Aro,48,41%,82,03%,7,77%,1,30%,5,04%,0,24%,3,62%,2459,9094
250642,Castellar de la Ribera,48,41%,91,49%,4,26%,0,00%,1,06%,0,00%,3,19%,94,129
80522,Castellar de n'Hug,48,41%,96,67%,1,11%,1,11%,1,11%,0,00%,0,00%,90,147
80500,Castellar del Riu,48,41%,98,68%,1,32%,0,00%,0,00%,0,00%,0,00%,76,139
80517,Castellar del Vallès,48,41%,82,62%,9,52%,0,90%,3,82%,0,44%,2,70%,8896,18812
80538,Castellbell i el Vilar,48,41%,82,67%,8,99%,1,82%,2,72%,0,50%,3,30%,1212,3012
80543,Castellbisbal,48,41%,77,34%,12,43%,0,91%,5,73%,0,48%,3,11%,3734,9698
80556,Castellcir,48,41%,90,18%,3,27%,0,73%,0,73%,1,09%,4,00%,275,554
250674,Castelldans,48,41%,83,08%,6,57%,1,26%,4,55%,1,01%,3,54%,396,883
80569,Castelldefels,48,41%,70,24%,17,44%,0,79%,8,65%,0,48%,2,42%,13231,51431
80581,Castellet i la Gornal,48,41%,83,85%,7,67%,0,94%,4,31%,0,40%,2,83%,743,1880
170464,Castellfollit de la Roca,48,41%,90,06%,1,62%,1,83%,2,43%,1,01%,3,04%,493,863
80608,Castellfollit de Riubregós,48,41%,90,83%,7,50%,0,00%,1,67%,0,00%,0,00%,120,169
80594,Castellfollit del Boix,48,41%,92,64%,2,16%,0,87%,1,30%,0,87%,2,16%,231,351
80615,Castellgalí,48,41%,79,68%,9,12%,1,92%,4,96%,0,48%,3,84%,625,1622
80620,Castellnou de Bages,48,41%,85,29%,7,98%,0,84%,4,20%,0,63%,1,05%,476,938
250680,Castellnou de Seana,48,41%,92,37%,2,29%,0,51%,0,76%,0,76%,3,31%,393,666
170470,Castelló d'Empúries,48,41%,83,47%,6,08%,0,84%,5,38%,0,35%,3,88%,2269,9949
250693,Castelló de Farfanya,48,41%,91,73%,3,38%,1,50%,1,88%,0,38%,1,13%,266,498
80636,Castellolí,48,41%,92,58%,3,86%,1,48%,0,59%,0,30%,1,19%,337,448
250707,Castellserà,48,41%,90,48%,3,55%,0,97%,1,61%,0,97%,2,42%,620,950
80641,Castellterçol,48,41%,89,96%,4,16%,0,65%,2,12%,0,57%,2,53%,1225,2024
430424,Castellvell del Camp,48,41%,87,27%,5,70%,0,58%,3,47%,0,58%,2,40%,1210,2225
80654,Castellví de la Marca,48,41%,87,79%,5,65%,0,58%,2,76%,1,15%,2,07%,868,1338
80667,Castellví de Rosanes,48,41%,84,04%,9,93%,0,18%,3,01%,0,71%,2,13%,564,1425
430430,Catllar, el,48,41%,81,07%,9,06%,0,97%,5,10%,0,73%,3,07%,1236,3375
250714,Cava,48,41%,94,44%,0,00%,0,00%,0,00%,5,56%,0,00%,18,57
171899,Cellera de Ter, la,48,41%,94,57%,1,92%,0,72%,1,20%,0,40%,1,20%,1253,1728
170499,Celrà,48,41%,88,88%,5,71%,0,66%,1,94%,0,56%,2,24%,1960,3877
80673,Centelles,48,41%,90,96%,4,06%,0,70%,1,59%,0,61%,2,09%,3596,6054
82687,Cercs,48,41%,89,72%,3,27%,1,25%,1,40%,0,62%,3,74%,642,1135
82665,Cerdanyola del Vallès,48,41%,72,95%,15,04%,1,01%,6,37%,0,65%,3,99%,16537,48035
80689,Cervelló,48,41%,80,90%,12,72%,0,60%,4,14%,0,32%,1,33%,2853,7175
250729,Cervera,48,41%,87,43%,4,50%,1,13%,2,86%,0,83%,3,25%,3357,7445
250735,Cervià de les Garrigues,48,41%,92,43%,1,57%,0,26%,0,78%,3,92%,1,04%,383,647
170502,Cervià de Ter,48,41%,89,44%,3,93%,0,62%,1,45%,0,83%,3,73%,483,733
170519,Cistella,48,41%,90,80%,2,45%,2,45%,1,84%,0,61%,1,84%,163,244
250740,Ciutadilla,48,41%,86,47%,4,51%,0,00%,1,50%,3,76%,3,76%,133,190
250753,Clariana de Cardener,48,41%,88,46%,6,73%,0,00%,1,92%,0,96%,1,92%,104,118
250766,Cogul, el,48,41%,95,28%,3,77%,0,00%,0,00%,0,94%,0,00%,106,176
170545,Colera,48,41%,81,15%,7,85%,2,09%,3,66%,0,00%,5,24%,191,505
250772,Coll de Nargó,48,41%,91,30%,2,68%,2,01%,0,67%,1,34%,2,01%,299,524
80692,Collbató,48,41%,84,79%,7,58%,1,03%,4,36%,0,61%,1,64%,1650,3319
430458,Colldejou,48,41%,87,39%,4,50%,1,80%,0,90%,0,00%,5,41%,111,155
80706,Collsuspina,48,41%,92,57%,5,94%,0,99%,0,00%,0,00%,0,50%,202,274
170558,Colomers,48,41%,93,86%,0,00%,0,00%,1,75%,0,00%,4,39%,114,164
251636,Coma i la Pedra, la,48,41%,92,86%,2,14%,1,43%,0,71%,0,71%,2,14%,140,240
251615,Conca de Dalt,48,41%,93,85%,3,59%,0,51%,1,03%,0,00%,1,03%,195,396
430461,Conesa,48,41%,94,74%,1,75%,0,00%,0,00%,0,00%,3,51%,57,114
430477,Constantí,48,41%,76,81%,7,00%,1,81%,7,70%,0,94%,5,74%,1272,5387
80713,Copons,48,41%,87,57%,5,92%,1,78%,1,78%,0,59%,2,37%,169,259
430483,Corbera d'Ebre,48,41%,83,80%,5,62%,2,81%,4,10%,0,86%,2,81%,463,979
80728,Corbera de Llobregat,48,41%,84,02%,10,26%,0,53%,3,01%,0,33%,1,86%,4523,11395
250788,Corbins,48,41%,87,07%,6,39%,1,63%,2,23%,0,89%,1,78%,673,1163
170577,Corçà,48,41%,92,61%,3,77%,0,56%,0,42%,0,56%,2,09%,717,1076
80734,Cornellà de Llobregat,48,41%,64,68%,19,35%,1,13%,9,19%,0,52%,5,14%,15675,72482
170561,Cornellà del Terri,48,41%,91,40%,3,81%,1,30%,1,46%,0,81%,1,22%,1233,1867
430496,Cornudella de Montsant,48,41%,94,33%,1,24%,0,35%,1,06%,0,35%,2,66%,564,871
430509,Creixell,48,41%,78,87%,9,15%,1,41%,5,63%,0,56%,4,37%,710,2857
170583,Crespià,48,41%,90,76%,5,88%,0,00%,0,84%,0,84%,1,68%,119,213
179011,Cruïlles, Monells i Sant Sadurní de l'Heura,48,41%,90,37%,2,95%,1,40%,1,24%,0,93%,3,11%,644,1071
80749,Cubelles,48,41%,78,27%,11,43%,0,87%,5,43%,0,30%,3,70%,3350,11767
250791,Cubells,48,41%,84,24%,5,42%,3,45%,3,45%,0,49%,2,96%,203,372
430516,Cunit,48,41%,72,50%,11,51%,0,92%,13,54%,0,67%,0,87%,2076,10229
170600,Darnius,48,41%,88,26%,3,64%,1,21%,4,45%,0,40%,2,02%,247,492
170617,Das,48,41%,100,00%,0,00%,0,00%,0,00%,0,00%,0,00%,82,176
439018,Deltebre,48,41%,88,31%,3,90%,1,69%,2,57%,0,86%,2,68%,4559,10228
80752,Dosrius,48,41%,82,72%,8,49%,1,23%,4,74%,0,25%,2,58%,1626,4118
430537,Duesaigües,48,41%,90,71%,2,86%,0,00%,1,43%,0,00%,5,00%,140,221
170622,Escala, l',48,41%,88,17%,4,23%,1,42%,2,77%,0,37%,3,04%,2958,9010
80765,Esparreguera,48,41%,77,90%,11,57%,1,25%,5,24%,0,42%,3,63%,6723,17839
170638,Espinelves,48,41%,92,86%,1,59%,1,59%,2,38%,0,79%,0,79%,126,165
250812,Espluga Calba, l',48,41%,87,67%,7,05%,1,76%,1,76%,0,44%,1,32%,227,355
430542,Espluga de Francolí, l',48,41%,90,07%,3,57%,0,84%,1,94%,1,42%,2,15%,1904,3314
80771,Esplugues de Llobregat,48,41%,70,96%,16,69%,0,96%,6,72%,0,60%,4,08%,10749,39853
170643,Espolla,48,41%,81,53%,7,21%,2,25%,5,41%,1,35%,2,25%,222,362
170656,Esponellà,48,41%,93,72%,3,59%,0,45%,0,00%,0,45%,1,79%,223,359
250827,Espot,48,41%,82,14%,8,57%,1,43%,2,86%,0,00%,5,00%,140,304
80787,Espunyola, l',48,41%,93,04%,4,43%,1,27%,0,00%,0,63%,0,63%,158,232
82541,Esquirol, l',48,41%,95,70%,1,34%,0,99%,0,70%,0,49%,0,78%,1419,1862
250886,Estamariu,48,41%,95,16%,0,00%,1,61%,3,23%,0,00%,0,00%,62,111
80790,Estany, l',48,41%,90,18%,2,55%,0,73%,0,36%,3,64%,2,55%,275,362
250851,Estaràs,48,41%,95,35%,2,33%,0,00%,1,16%,1,16%,0,00%,86,147
250864,Esterri d'Àneu,48,41%,92,59%,4,27%,0,85%,0,28%,0,57%,1,42%,351,770
250870,Esterri de Cardós,48,41%,83,33%,6,67%,3,33%,3,33%,3,33%,0,00%,30,64
430555,Falset,48,41%,92,88%,3,38%,0,49%,1,41%,0,35%,1,48%,1419,2398
170059,Far d'Empordà, el,48,41%,85,96%,4,68%,1,70%,2,98%,0,43%,4,26%,235,446
250899,Farrera,48,41%,89,58%,2,08%,4,17%,2,08%,0,00%,2,08%,48,104
430568,Fatarella, la,48,41%,86,89%,4,31%,1,08%,1,62%,1,80%,4,31%,557,943
430574,Febró, la,48,41%,94,74%,0,00%,5,26%,0,00%,0,00%,0,00%,19,47
81347,Figaró-Montmany,48,41%,88,77%,4,32%,0,65%,2,16%,0,86%,3,24%,463,911
80804,Fígols,48,41%,78,57%,7,14%,0,00%,0,00%,7,14%,7,14%,14,39
259084,Fígols i Alinyà,48,41%,92,48%,3,01%,0,75%,0,00%,2,26%,1,50%,133,237
430580,Figuera, la,48,41%,86,36%,3,03%,4,55%,0,00%,0,00%,6,06%,66,103
170669,Figueres,48,41%,84,90%,6,49%,1,14%,3,55%,0,58%,3,35%,11623,36829
430593,Figuerola del Camp,48,41%,90,45%,4,02%,1,51%,2,01%,0,00%,2,01%,199,283
170675,Flaçà,48,41%,91,63%,3,59%,0,20%,1,79%,0,60%,2,19%,502,883
430607,Flix,48,41%,89,86%,4,53%,0,62%,2,16%,0,77%,2,06%,1942,3516
250925,Floresta, la,48,41%,95,74%,1,06%,3,19%,0,00%,0,00%,0,00%,94,142
80826,Fogars de la Selva,48,41%,80,80%,6,40%,0,80%,6,40%,0,80%,4,80%,375,1226
80811,Fogars de Montclús,48,41%,96,38%,0,90%,0,00%,0,90%,0,00%,1,81%,221,378
170681,Foixà,48,41%,90,17%,6,36%,0,58%,1,73%,0,58%,0,58%,173,272
80832,Folgueroles,48,41%,94,76%,2,33%,0,80%,0,58%,0,44%,1,09%,1375,1705
250931,Fondarella,48,41%,85,88%,3,29%,0,94%,3,29%,0,94%,5,65%,425,697
80847,Fonollosa,48,41%,88,46%,4,68%,1,09%,2,03%,1,09%,2,65%,641,1206
80850,Font-rubí,48,41%,90,55%,3,78%,1,21%,1,48%,0,94%,2,02%,741,1174
170694,Fontanals de Cerdanya,48,41%,92,39%,4,06%,1,02%,1,52%,0,00%,1,02%,197,411
170708,Fontanilles,48,41%,92,50%,5,00%,1,25%,0,00%,1,25%,0,00%,80,131
170715,Fontcoberta,48,41%,96,53%,0,81%,0,58%,0,93%,0,35%,0,81%,864,1175
250946,Foradada,48,41%,85,88%,8,24%,2,35%,0,00%,0,00%,3,53%,85,168
179026,Forallac,48,41%,87,78%,5,51%,1,51%,2,16%,0,65%,2,38%,925,1446
430614,Forès,48,41%,100,00%,0,00%,0,00%,0,00%,0,00%,0,00%,17,49
170736,Fornells de la Selva,48,41%,91,06%,4,98%,0,54%,1,94%,0,39%,1,09%,1286,1896
170741,Fortià,48,41%,86,01%,6,83%,1,02%,2,05%,1,02%,3,07%,293,564
80863,Franqueses del Vallès, les,48,41%,78,40%,10,46%,0,84%,5,75%,0,44%,4,11%,5250,15272
430629,Freginals,48,41%,76,47%,8,82%,0,59%,2,35%,2,35%,9,41%,170,431
250962,Fuliola, la,48,41%,87,99%,2,80%,1,81%,2,63%,0,82%,3,95%,608,1096
250978,Fulleda,48,41%,86,79%,0,00%,5,66%,1,89%,5,66%,0,00%,53,101
80902,Gaià,48,41%,93,48%,1,09%,1,09%,1,09%,2,17%,1,09%,92,133
430635,Galera, la,48,41%,81,89%,6,30%,0,79%,5,12%,0,79%,5,12%,254,705
80879,Gallifa,48,41%,86,41%,7,77%,0,00%,0,00%,2,91%,2,91%,103,174
430640,Gandesa,48,41%,86,30%,4,74%,2,15%,3,27%,0,60%,2,93%,1161,2666
430653,Garcia,48,41%,90,41%,2,95%,1,11%,2,21%,0,74%,2,58%,271,495
430666,Garidells, els,48,41%,82,42%,5,49%,0,00%,12,09%,0,00%,0,00%,91,166
80885,Garriga, la,48,41%,87,42%,6,99%,0,83%,2,39%,0,36%,2,01%,6870,12639
170754,Garrigàs,48,41%,90,58%,4,19%,3,66%,0,00%,0,00%,1,57%,191,353
170767,Garrigoles,48,41%,87,95%,2,41%,1,20%,1,20%,3,61%,3,61%,83,138
170773,Garriguella,48,41%,86,46%,3,87%,1,10%,4,14%,0,55%,3,87%,362,704
80898,Gavà,48,41%,70,75%,15,19%,1,00%,8,15%,0,54%,4,38%,10445,38098
250984,Gavet de la Conca,48,41%,87,97%,5,26%,1,50%,3,76%,0,00%,1,50%,133,276
80919,Gelida,48,41%,82,36%,9,61%,1,35%,3,62%,0,52%,2,54%,2517,5690
170789,Ger,48,41%,94,18%,1,59%,1,06%,0,53%,0,53%,2,12%,189,386
259123,Gimenells i el Pla de la Font,48,41%,65,95%,12,43%,3,51%,8,11%,0,27%,9,73%,370,974
430672,Ginestar,48,41%,87,87%,4,58%,2,06%,1,37%,1,14%,2,97%,437,793
170792,Girona,48,41%,87,33%,6,40%,0,74%,2,79%,0,47%,2,27%,34095,79611
80924,Gironella,48,41%,91,27%,3,56%,0,79%,1,22%,0,87%,2,29%,2531,4253
80930,Gisclareny,48,41%,100,00%,0,00%,0,00%,0,00%,0,00%,0,00%,18,29
430688,Godall,48,41%,73,61%,7,87%,0,46%,8,80%,1,39%,7,87%,216,640
250997,Golmés,48,41%,90,59%,4,46%,0,99%,1,98%,0,74%,1,24%,808,1441
170806,Gombrèn,48,41%,90,53%,2,11%,1,05%,1,05%,2,11%,3,16%,95,161
251001,Gósol,48,41%,89,08%,3,36%,1,68%,1,68%,1,68%,2,52%,119,207
80945,Granada, la,48,41%,86,29%,6,02%,1,58%,2,86%,0,49%,2,76%,1014,1676
251018,Granadella, la,48,41%,91,75%,4,13%,1,46%,0,73%,1,46%,0,49%,412,663
80958,Granera,48,41%,96,97%,3,03%,0,00%,0,00%,0,00%,0,00%,33,72
251023,Granja d'Escarp, la,48,41%,79,54%,6,44%,1,15%,11,03%,0,69%,1,15%,435,883
80961,Granollers,48,41%,82,68%,9,57%,0,89%,4,03%,0,53%,2,30%,17704,49791
251039,Granyanella,48,41%,89,66%,3,45%,0,00%,1,72%,0,00%,5,17%,58,130
251057,Granyena de les Garrigues,48,41%,78,89%,5,56%,2,22%,8,89%,3,33%,1,11%,90,159
251044,Granyena de Segarra,48,41%,86,42%,6,17%,1,23%,2,47%,1,23%,2,47%,81,120
430691,Gratallops,48,41%,84,25%,1,57%,0,79%,3,94%,0,79%,8,66%,127,223
80977,Gualba,48,41%,90,66%,4,03%,0,97%,2,25%,0,48%,1,61%,621,1092
170813,Gualta,48,41%,90,00%,6,47%,1,18%,1,18%,0,59%,0,59%,170,304
80996,Guardiola de Berguedà,48,41%,89,75%,3,48%,0,00%,3,07%,1,64%,2,05%,488,850
430705,Guiamets, els,48,41%,88,66%,4,64%,1,55%,2,58%,0,00%,2,58%,194,273
170828,Guils de Cerdanya,48,41%,93,00%,3,00%,0,50%,2,00%,0,50%,1,00%,200,484
251095,Guimerà,48,41%,92,09%,3,95%,1,13%,0,56%,0,00%,2,26%,177,278
259031,Guingueta d'Àneu, la,48,41%,96,48%,0,70%,0,70%,0,70%,1,41%,0,00%,142,284
251109,Guissona,48,41%,87,66%,5,19%,0,79%,3,04%,0,62%,2,71%,1774,5369
251116,Guixers,48,41%,94,94%,0,00%,0,00%,0,00%,0,00%,5,06%,79,122
81000,Gurb,48,41%,94,41%,2,42%,0,50%,0,87%,0,19%,1,61%,1610,2071
430712,Horta de Sant Joan,48,41%,90,39%,3,20%,0,69%,2,97%,0,23%,2,52%,437,1104
81017,Hospitalet de Llobregat, l',48,41%,67,78%,16,65%,1,22%,8,71%,0,58%,5,06%,44447,216755
81629,Hostalets de Pierola, els,48,41%,81,50%,8,05%,1,46%,3,76%,1,04%,4,18%,957,2295
170834,Hostalric,48,41%,84,39%,6,64%,0,72%,3,51%,0,07%,4,68%,1537,3256
81022,Igualada,48,41%,87,75%,6,40%,0,96%,2,21%,0,39%,2,28%,15233,31959
251155,Isona i Conca Dellà,48,41%,89,17%,3,67%,1,47%,1,28%,1,10%,3,30%,545,933
170849,Isòvol,48,41%,86,55%,9,24%,2,52%,0,00%,0,84%,0,84%,119,292
251137,Ivars d'Urgell,48,41%,89,52%,3,57%,1,15%,2,65%,1,27%,1,84%,868,1408
251121,Ivars de Noguera,48,41%,83,60%,8,47%,1,59%,2,12%,2,65%,1,59%,189,325
251142,Ivorra,48,41%,98,72%,0,00%,1,28%,0,00%,0,00%,0,00%,78,111
170852,Jafre,48,41%,94,14%,1,80%,0,90%,1,35%,0,45%,1,35%,222,357
170865,Jonquera, la,48,41%,79,43%,8,98%,1,62%,3,87%,1,00%,5,11%,802,2568
81038,Jorba,48,41%,88,41%,5,66%,1,35%,2,96%,0,27%,1,35%,371,676
259101,Josa i Tuixén,48,41%,96,23%,0,00%,0,00%,0,00%,1,89%,1,89%,53,131
170871,Juià,48,41%,89,63%,3,66%,2,44%,1,22%,0,00%,3,05%,164,267
251180,Juncosa,48,41%,84,90%,4,90%,0,82%,3,27%,0,82%,5,31%,245,405
251193,Juneda,48,41%,90,14%,4,62%,1,60%,1,73%,0,80%,1,11%,1622,2946
251214,Les,48,41%,68,45%,10,71%,1,19%,8,93%,3,57%,7,14%,168,827
251229,Linyola,48,41%,89,07%,4,25%,1,90%,1,90%,0,99%,1,90%,1317,2220
81043,Llacuna, la,48,41%,90,18%,4,81%,1,00%,1,20%,0,60%,2,20%,499,811
170887,Lladó,48,41%,93,65%,3,70%,0,00%,0,79%,0,26%,1,59%,378,596
251235,Lladorre,48,41%,90,43%,4,26%,2,13%,2,13%,0,00%,1,06%,94,205
251240,Lladurs,48,41%,85,23%,9,09%,0,00%,1,14%,1,14%,3,41%,88,168
81056,Llagosta, la,48,41%,56,39%,17,72%,1,43%,14,26%,0,68%,9,52%,2511,10992
170890,Llagostera,48,41%,88,40%,5,10%,0,65%,2,31%,0,71%,2,83%,3078,6690
170904,Llambilles,48,41%,91,78%,2,74%,0,55%,3,01%,0,00%,1,92%,365,573
170911,Llanars,48,41%,89,21%,3,24%,1,80%,1,44%,0,72%,3,60%,278,452
170926,Llançà,48,41%,84,50%,5,48%,1,66%,3,98%,0,66%,3,71%,1807,4258
251253,Llardecans,48,41%,91,00%,3,86%,0,96%,1,61%,0,96%,1,61%,311,460
251266,Llavorsí,48,41%,85,44%,9,49%,0,00%,2,53%,0,00%,2,53%,158,315
251207,Lleida,48,41%,80,63%,9,76%,1,08%,4,89%,0,61%,3,03%,38417,116437
170932,Llers,48,41%,87,72%,3,91%,1,78%,2,14%,1,25%,3,20%,562,1020
251272,Lles de Cerdanya,48,41%,92,86%,2,14%,1,43%,0,71%,0,00%,2,86%,140,236
81075,Lliçà d'Amunt,48,41%,78,22%,12,15%,1,03%,4,64%,0,50%,3,45%,3967,11785
81081,Lliçà de Vall,48,41%,75,62%,12,07%,0,90%,6,51%,0,61%,4,29%,2121,5248
251288,Llimiana,48,41%,92,06%,1,59%,1,59%,1,59%,0,00%,3,17%,63,149
81069,Llinars del Vallès,48,41%,82,43%,8,28%,0,95%,4,70%,0,23%,3,41%,3489,7844
170947,Llívia,48,41%,87,99%,4,33%,1,97%,2,17%,0,59%,2,95%,508,1397
430727,Lloar, el,48,41%,87,88%,3,03%,1,52%,4,55%,1,52%,1,52%,66,97
251291,Llobera,48,41%,94,53%,2,34%,1,56%,0,00%,1,56%,0,00%,128,181
430733,Llorac,48,41%,85,42%,8,33%,6,25%,0,00%,0,00%,0,00%,48,102
430748,Llorenç del Penedès,48,41%,85,98%,5,92%,1,58%,2,67%,0,69%,3,16%,1013,1856
170950,Lloret de Mar,48,41%,77,66%,9,41%,1,15%,6,49%,0,70%,4,60%,6458,34156
170963,Llosses, les,48,41%,89,91%,0,92%,3,67%,1,83%,0,92%,2,75%,109,191
81094,Lluçà,48,41%,96,39%,1,81%,0,60%,0,00%,0,60%,0,60%,166,198
171024,Maçanet de Cabrenys,48,41%,88,14%,5,12%,1,08%,1,35%,1,08%,3,23%,371,651
171030,Maçanet de la Selva,48,41%,81,79%,6,04%,1,26%,5,28%,0,65%,4,98%,1988,5907
170979,Madremanya,48,41%,93,10%,3,45%,0,69%,0,69%,0,69%,1,38%,145,229
170985,Maià de Montcal,48,41%,83,09%,4,35%,4,35%,2,90%,1,45%,3,86%,207,366
251333,Maials,48,41%,90,25%,2,73%,0,78%,1,17%,1,17%,3,90%,513,843
251305,Maldà,48,41%,91,61%,0,70%,2,10%,2,10%,0,70%,2,80%,143,211
81108,Malgrat de Mar,48,41%,82,64%,7,55%,1,40%,3,95%,0,42%,4,04%,5496,15464
81115,Malla,48,41%,93,45%,2,98%,1,19%,1,19%,0,00%,1,19%,168,228
81120,Manlleu,48,41%,89,71%,5,00%,0,68%,1,74%,0,68%,2,19%,7641,16397
81136,Manresa,48,41%,88,06%,6,11%,0,79%,2,71%,0,48%,1,85%,27200,63359
430764,Marçà,48,41%,91,36%,3,62%,1,67%,2,51%,0,84%,0,00%,359,521
430751,Margalef,48,41%,88,41%,10,14%,0,00%,0,00%,0,00%,1,45%,69,102
82423,Marganell,48,41%,89,13%,3,62%,0,72%,0,72%,2,90%,2,90%,138,266
81141,Martorell,48,41%,75,54%,12,51%,0,99%,7,94%,0,69%,2,33%,6953,22555
81154,Martorelles,48,41%,73,64%,12,35%,1,16%,6,61%,0,61%,5,63%,1635,4117
430770,Mas de Barberans,48,41%,64,57%,17,14%,4,57%,10,29%,1,14%,2,29%,175,568
171002,Masarac,48,41%,91,61%,2,80%,2,80%,1,40%,0,00%,1,40%,143,255
430786,Masdenverge,48,41%,81,82%,6,13%,0,85%,6,34%,1,27%,3,59%,473,993
81167,Masies de Roda, les,48,41%,92,58%,3,60%,0,85%,1,27%,0,00%,1,69%,472,630
81173,Masies de Voltregà, les,48,41%,90,90%,4,15%,0,62%,0,68%,0,68%,2,97%,1616,2581
430799,Masllorenç,48,41%,92,34%,3,23%,1,61%,0,40%,0,81%,1,61%,248,448
81189,Masnou, el,48,41%,83,43%,10,36%,0,72%,2,97%,0,43%,2,08%,9264,19011
430803,Masó, la,48,41%,88,24%,7,65%,0,59%,2,35%,0,00%,1,18%,170,251
430810,Maspujols,48,41%,91,88%,3,36%,0,56%,2,80%,0,56%,0,84%,357,624
81192,Masquefa,48,41%,75,27%,11,27%,1,32%,6,23%,0,56%,5,35%,2503,6629
430825,Masroig, el,48,41%,87,78%,3,70%,0,37%,1,85%,1,85%,4,44%,270,485
251312,Massalcoreig,48,41%,84,23%,4,62%,2,69%,1,15%,2,31%,5,00%,260,513
171019,Massanes,48,41%,84,62%,6,15%,2,31%,2,31%,0,77%,3,85%,260,586
251327,Massoteres,48,41%,89,01%,4,40%,0,00%,2,20%,0,00%,4,40%,91,158
81206,Matadepera,48,41%,89,93%,6,96%,0,40%,1,30%,0,31%,1,10%,4528,6939
81213,Mataró,48,41%,80,27%,10,13%,1,02%,4,46%,0,49%,3,62%,32981,102364
81228,Mediona,48,41%,87,45%,3,74%,0,84%,2,17%,0,97%,4,83%,829,1916
251348,Menàrguens,48,41%,87,89%,4,60%,2,66%,3,15%,0,73%,0,97%,413,780
170998,Meranges,48,41%,87,50%,5,00%,0,00%,7,50%,0,00%,0,00%,40,85
171058,Mieres,48,41%,93,04%,2,53%,0,63%,1,90%,0,63%,1,27%,158,286
430831,Milà, el,48,41%,79,45%,9,59%,0,00%,4,11%,2,74%,4,11%,73,144
251351,Miralcamp,48,41%,88,73%,3,99%,0,86%,2,71%,1,00%,2,71%,701,1179
430846,Miravet,48,41%,87,10%,5,84%,0,73%,2,92%,1,22%,2,19%,411,673
81385,Moià,48,41%,89,68%,4,45%,0,93%,2,20%,0,50%,2,24%,2587,4661
430859,Molar, el,48,41%,90,38%,4,49%,0,64%,1,28%,0,00%,3,21%,156,267
81234,Molins de Rei,48,41%,82,88%,10,43%,0,69%,3,45%,0,48%,2,07%,9674,20215
251370,Mollerussa,48,41%,88,70%,4,90%,0,82%,2,54%,0,89%,2,15%,4609,12007
171061,Mollet de Peralada,48,41%,83,67%,6,12%,2,04%,3,06%,2,04%,3,06%,98,152
81249,Mollet del Vallès,48,41%,71,31%,15,09%,0,87%,7,25%,0,44%,5,03%,12462,42312
171077,Molló,48,41%,93,33%,2,86%,0,48%,0,95%,0,48%,1,90%,210,310
251364,Molsosa, la,48,41%,88,06%,2,99%,1,49%,4,48%,1,49%,1,49%,67,96
81287,Monistrol de Calders,48,41%,89,92%,4,77%,1,06%,1,86%,0,80%,1,59%,377,582
81271,Monistrol de Montserrat,48,41%,85,82%,7,77%,1,17%,2,44%,0,27%,2,53%,1107,2518
430918,Mont-ral,48,41%,85,25%,11,48%,0,00%,1,64%,0,00%,1,64%,61,148
171100,Mont-ras,48,41%,80,54%,8,86%,0,67%,4,16%,0,81%,4,97%,745,1495
430923,Mont-roig del Camp,48,41%,82,53%,7,09%,0,69%,5,72%,0,41%,3,57%,2186,10829
171096,Montagut i Oix,48,41%,90,67%,3,37%,1,19%,1,19%,1,98%,1,59%,504,816
430862,Montblanc,48,41%,88,29%,4,20%,0,93%,2,31%,0,30%,3,96%,3331,6202
430884,Montbrió del Camp,48,41%,87,64%,5,13%,0,73%,3,21%,0,37%,2,93%,1092,2187
81252,Montcada i Reixac,48,41%,69,06%,16,15%,1,34%,7,37%,0,37%,5,72%,8373,28436
81304,Montclar,48,41%,100,00%,0,00%,0,00%,0,00%,0,00%,0,00%,54,98
251399,Montellà i Martinet,48,41%,83,62%,6,83%,0,68%,3,07%,1,37%,4,44%,293,583
81311,Montesquiu,48,41%,93,07%,2,10%,1,05%,0,42%,1,05%,2,31%,476,769
251403,Montferrer i Castellbò,48,41%,89,95%,3,61%,0,77%,2,84%,0,77%,2,06%,388,865
430897,Montferri,48,41%,88,03%,2,56%,0,00%,7,69%,1,71%,0,00%,117,292
251386,Montgai,48,41%,90,05%,4,45%,0,79%,2,36%,0,79%,1,57%,382,619
81265,Montgat,48,41%,76,84%,13,28%,0,82%,5,11%,0,45%,3,50%,3796,9101
81326,Montmajor,48,41%,94,51%,1,10%,1,47%,1,83%,0,37%,0,73%,273,411
81332,Montmaneu,48,41%,77,59%,8,62%,0,00%,1,72%,5,17%,6,90%,58,150
430901,Montmell, el,48,41%,81,03%,7,33%,2,16%,6,47%,0,43%,2,59%,232,1224
81350,Montmeló,48,41%,71,60%,15,88%,0,90%,6,88%,0,26%,4,48%,2324,7306
251425,Montoliu de Lleida,48,41%,90,80%,3,60%,2,40%,2,00%,0,40%,0,80%,250,440
251410,Montoliu de Segarra,48,41%,87,21%,2,33%,5,81%,1,16%,0,00%,3,49%,86,177
251431,Montornès de Segarra,48,41%,88,00%,2,00%,0,00%,0,00%,2,00%,8,00%,50,93
81363,Montornès del Vallès,48,41%,64,10%,18,13%,1,33%,8,90%,0,65%,6,89%,3382,12959
81379,Montseny,48,41%,91,75%,4,12%,0,00%,1,55%,0,52%,2,06%,194,275
430939,Móra d'Ebre,48,41%,85,06%,6,34%,0,95%,3,97%,0,80%,2,88%,2115,4645
430944,Móra la Nova,48,41%,85,73%,5,04%,1,78%,3,34%,0,62%,3,49%,1289,2752
430957,Morell, el,48,41%,82,33%,6,57%,1,33%,6,13%,0,62%,3,02%,1126,2833
430960,Morera de Montsant, la,48,41%,93,75%,1,56%,3,13%,1,56%,0,00%,0,00%,64,139
81290,Muntanyola,48,41%,92,28%,4,50%,0,32%,1,29%,0,32%,1,29%,311,464
81398,Mura,48,41%,82,79%,4,92%,4,10%,0,82%,3,28%,4,10%,122,176
251459,Nalec,48,41%,92,31%,1,92%,1,92%,0,00%,3,85%,0,00%,52,100
250254,Naut Aran,48,41%,60,75%,12,00%,1,75%,13,75%,0,75%,11,00%,400,1500
81402,Navarcles,48,41%,83,65%,7,62%,0,61%,5,64%,0,68%,1,80%,2783,5027
81419,Navàs,48,41%,89,11%,3,04%,1,23%,4,92%,0,82%,0,89%,2929,5127
171117,Navata,48,41%,90,40%,5,62%,0,91%,2,36%,0,36%,0,36%,552,1015
251462,Navès,48,41%,94,96%,1,44%,0,00%,0,00%,0,72%,2,88%,139,223
81424,Nou de Berguedà, la,48,41%,94,90%,2,04%,0,00%,0,00%,0,00%,3,06%,98,131
430976,Nou de Gaià, la,48,41%,84,40%,8,00%,3,60%,0,80%,2,00%,1,20%,250,435
430982,Nulles,48,41%,91,94%,2,84%,0,95%,3,32%,0,47%,0,47%,211,390
251484,Odèn,48,41%,89,34%,5,74%,2,46%,1,64%,0,00%,0,82%,122,253
81430,Òdena,48,41%,81,49%,9,54%,0,80%,4,01%,0,48%,3,69%,1248,2891
171122,Ogassa,48,41%,92,03%,3,62%,0,72%,2,90%,0,72%,0,00%,138,214
81458,Olèrdola,48,41%,85,17%,8,64%,0,80%,2,79%,0,73%,1,86%,1504,2859
81461,Olesa de Bonesvalls,48,41%,80,23%,8,45%,0,77%,7,49%,0,00%,3,07%,521,1393
81477,Olesa de Montserrat,48,41%,80,05%,10,74%,0,85%,4,55%,0,45%,3,35%,7274,19045
251497,Oliana,48,41%,88,89%,3,25%,1,36%,1,89%,1,57%,3,04%,954,1674
251500,Oliola,48,41%,92,23%,1,94%,1,94%,0,00%,2,91%,0,97%,103,207
251517,Olius,48,41%,88,65%,4,35%,1,21%,2,66%,1,21%,1,93%,414,698
81483,Olivella,48,41%,78,47%,10,09%,1,08%,6,86%,0,67%,2,83%,743,2817
81496,Olost,48,41%,92,09%,2,18%,1,91%,1,36%,1,23%,1,23%,733,1036
171143,Olot,48,41%,91,38%,3,40%,0,74%,1,59%,0,51%,2,39%,13717,28509
251522,Oluges, les,48,41%,90,67%,6,67%,1,33%,0,00%,0,00%,1,33%,75,153
81445,Olvan,48,41%,92,07%,1,63%,0,20%,1,83%,1,63%,2,64%,492,778
251538,Omellons, els,48,41%,88,24%,4,90%,2,94%,1,96%,0,00%,1,96%,102,215
251543,Omells de na Gaia, els,48,41%,96,47%,1,18%,1,18%,0,00%,0,00%,1,18%,85,129
171156,Ordis,48,41%,90,10%,5,94%,0,50%,0,00%,0,50%,2,97%,202,305
251556,Organyà,48,41%,85,12%,3,95%,0,93%,3,02%,1,63%,5,35%,430,783
81509,Orís,48,41%,91,86%,5,81%,0,00%,0,58%,0,58%,1,16%,172,239
81516,Oristà,48,41%,93,60%,1,33%,0,80%,0,80%,1,87%,1,60%,375,503
81521,Orpí,48,41%,87,50%,3,41%,3,41%,0,00%,2,27%,3,41%,88,122
81537,Òrrius,48,41%,92,05%,2,56%,0,28%,1,14%,0,85%,3,13%,352,538
251569,Os de Balaguer,48,41%,91,48%,4,04%,0,67%,2,24%,0,22%,1,35%,446,822
171169,Osor,48,41%,90,48%,3,30%,0,37%,1,47%,1,10%,3,30%,273,400
251575,Ossó de Sió,48,41%,88,18%,4,55%,1,82%,3,64%,0,91%,0,91%,110,182
81542,Pacs del Penedès,48,41%,81,73%,6,17%,1,98%,4,69%,0,25%,5,19%,405,731
81555,Palafolls,48,41%,80,47%,9,92%,1,07%,4,01%,0,50%,4,04%,2621,7199
171175,Palafrugell,48,41%,85,66%,6,09%,1,25%,3,29%,0,59%,3,12%,6631,18814
171181,Palamós,48,41%,87,01%,5,44%,0,81%,3,18%,0,36%,3,20%,6320,14982
251581,Palau d'Anglesola, el,48,41%,86,57%,4,57%,1,58%,3,86%,0,44%,2,99%,1139,1806
171194,Palau de Santa Eulàlia,48,41%,88,00%,4,00%,0,00%,4,00%,0,00%,4,00%,50,90
171215,Palau-sator,48,41%,91,01%,4,49%,0,56%,1,12%,0,00%,2,81%,178,263
171208,Palau-saverdera,48,41%,88,39%,5,13%,1,34%,2,23%,0,67%,2,23%,448,1184
81568,Palau-solità i Plegamans,48,41%,77,59%,12,30%,1,05%,5,15%,0,52%,3,38%,5145,11641
431009,Pallaresos, els,48,41%,74,60%,12,51%,0,61%,9,06%,0,15%,3,07%,1303,3315
81574,Pallejà,48,41%,73,38%,14,48%,0,61%,9,36%,0,42%,1,76%,3129,8909
430995,Palma d'Ebre, la,48,41%,85,77%,7,95%,2,09%,2,93%,1,26%,0,00%,239,347
89058,Palma de Cervelló, la,48,41%,78,66%,11,25%,0,89%,5,66%,0,75%,2,79%,1467,2459
171236,Palol de Revardit,48,41%,93,01%,2,57%,0,37%,1,84%,0,37%,1,84%,272,386
171241,Pals,48,41%,88,65%,4,58%,0,90%,2,69%,0,30%,2,89%,1004,2340
81580,Papiol, el,48,41%,81,78%,9,68%,0,87%,6,93%,0,40%,0,34%,1487,3311
171254,Pardines,48,41%,93,26%,2,25%,2,25%,0,00%,0,00%,2,25%,89,136
81593,Parets del Vallès,48,41%,74,97%,13,26%,1,02%,6,55%,0,58%,3,62%,5498,15084
171267,Parlavà,48,41%,95,18%,2,01%,1,61%,0,00%,0,40%,0,80%,249,341
431016,Passanant i Belltall,48,41%,89,89%,5,62%,0,00%,2,25%,0,00%,2,25%,89,146
171289,Pau,48,41%,88,29%,3,15%,3,60%,2,25%,0,00%,2,70%,222,484
431021,Paüls,48,41%,84,50%,7,36%,1,94%,3,10%,0,39%,2,71%,258,529
171292,Pedret i Marzà,48,41%,88,17%,0,00%,3,23%,6,45%,0,00%,2,15%,93,156
251641,Penelles,48,41%,90,32%,3,23%,1,08%,1,43%,1,08%,2,87%,279,460
171306,Pera, la,48,41%,95,04%,2,07%,1,65%,0,41%,0,00%,0,83%,242,375
81607,Perafita,48,41%,91,02%,1,63%,2,04%,1,22%,0,82%,3,27%,245,366
431037,Perafort,48,41%,74,86%,12,43%,0,81%,6,49%,1,35%,4,05%,370,988
171328,Peralada,48,41%,89,03%,5,72%,0,95%,2,15%,0,48%,1,67%,839,1601
251654,Peramola,48,41%,86,24%,3,17%,1,06%,3,17%,0,53%,5,82%,189,321
431042,Perelló, el,48,41%,92,42%,2,50%,0,86%,1,64%,1,17%,1,41%,1280,2482
81614,Piera,48,41%,80,34%,9,01%,0,79%,5,12%,0,43%,4,30%,4161,12120
431055,Piles, les,48,41%,93,33%,4,76%,0,00%,0,00%,1,90%,0,00%,105,179
81635,Pineda de Mar,48,41%,81,18%,8,18%,0,78%,5,20%,0,43%,4,23%,6519,21880
431068,Pinell de Brai, el,48,41%,82,49%,7,34%,1,88%,4,14%,0,38%,3,77%,531,980
251667,Pinell de Solsonès,48,41%,93,10%,2,59%,0,86%,0,00%,1,72%,1,72%,116,187
251673,Pinós,48,41%,90,54%,7,43%,1,35%,0,00%,0,00%,0,68%,148,253
431074,Pira,48,41%,89,71%,4,78%,0,37%,1,10%,0,74%,3,31%,272,397
431080,Pla de Santa Maria, el,48,41%,90,31%,3,07%,0,49%,2,67%,0,79%,2,67%,1011,1964
81640,Pla del Penedès, el,48,41%,90,33%,4,75%,0,49%,1,48%,0,16%,2,79%,610,971
171334,Planes d'Hostoles, les,48,41%,91,41%,2,02%,0,91%,1,41%,1,21%,3,03%,990,1462
171349,Planoles,48,41%,94,77%,0,65%,1,31%,0,65%,1,31%,1,31%,153,267
259118,Plans de Sió, els,48,41%,93,29%,4,03%,0,67%,0,67%,0,34%,1,01%,298,478
251689,Poal, el,48,41%,86,55%,5,88%,0,56%,4,20%,0,56%,2,24%,357,569
251692,Pobla de Cérvoles, la,48,41%,88,24%,3,68%,3,68%,1,47%,0,00%,2,94%,136,206
81653,Pobla de Claramunt, la,48,41%,84,45%,6,79%,1,10%,2,08%,0,33%,5,26%,913,1781
81666,Pobla de Lillet, la,48,41%,88,36%,4,13%,0,92%,3,83%,1,23%,1,53%,653,1108
431093,Pobla de Mafumet, la,48,41%,69,25%,10,10%,1,46%,9,81%,1,46%,7,91%,683,2543
431107,Pobla de Massaluca, la,48,41%,83,64%,3,64%,1,21%,4,85%,1,82%,4,85%,165,335
431114,Pobla de Montornès, la,48,41%,75,21%,7,51%,1,56%,6,80%,0,57%,8,36%,706,2372
251713,Pobla de Segur, la,48,41%,89,24%,5,17%,0,76%,1,79%,0,48%,2,55%,1450,2633
431129,Poboleda,48,41%,94,01%,3,23%,0,46%,0,46%,1,38%,0,46%,217,323
81672,Polinyà,48,41%,66,83%,17,07%,1,06%,10,37%,0,11%,4,57%,1881,6317
431135,Pont d'Armentera, el,48,41%,87,06%,5,24%,1,40%,1,75%,0,00%,4,55%,286,515
250306,Pont de Bar, el,48,41%,84,88%,9,30%,2,33%,0,00%,1,16%,2,33%,86,154
171352,Pont de Molins,48,41%,89,55%,3,18%,2,73%,2,73%,0,45%,1,36%,220,458
251734,Pont de Suert, el,48,41%,75,10%,14,46%,0,70%,5,29%,0,56%,3,89%,719,2078
81825,Pont de Vilomara i Rocafort, el,48,41%,75,18%,11,01%,0,62%,7,27%,0,10%,5,82%,963,3070
431418,Pontils,48,41%,90,48%,2,38%,0,00%,7,14%,0,00%,0,00%,42,117
81688,Pontons,48,41%,91,49%,5,67%,0,71%,0,00%,0,71%,1,42%,141,430
171365,Pontós,48,41%,88,89%,4,04%,3,03%,0,00%,2,02%,2,02%,99,188
251728,Ponts,48,41%,88,58%,3,58%,1,37%,1,98%,1,60%,2,89%,1314,2242
171371,Porqueres,48,41%,91,32%,2,68%,1,12%,1,36%,0,64%,2,88%,2501,3643
431140,Porrera,48,41%,89,27%,4,50%,2,08%,1,04%,0,35%,2,77%,289,423
171404,Port de la Selva, el,48,41%,88,89%,3,78%,0,67%,0,89%,2,67%,3,11%,450,869
171387,Portbou,48,41%,75,00%,8,19%,2,37%,4,96%,0,86%,8,62%,464,1173
251749,Portella, la,48,41%,87,43%,4,86%,1,14%,2,00%,0,57%,4,00%,350,670
431153,Pradell de la Teixeta,48,41%,92,11%,0,88%,0,00%,1,75%,0,00%,5,26%,114,173
431166,Prades,48,41%,90,85%,4,73%,1,58%,0,63%,1,26%,0,95%,317,562
431172,Prat de Comte,48,41%,91,01%,3,37%,0,00%,3,37%,1,12%,1,12%,89,152
81691,Prat de Llobregat, el,48,41%,64,00%,17,63%,1,21%,10,45%,0,54%,6,17%,14188,52919
431188,Pratdip,48,41%,89,81%,4,91%,0,00%,1,89%,0,00%,3,40%,265,606
81712,Prats de Lluçanès,48,41%,91,44%,2,12%,1,61%,1,09%,0,71%,3,03%,1553,2307
81705,Prats de Rei, els,48,41%,89,06%,3,44%,0,31%,2,19%,0,31%,4,69%,320,481
251752,Prats i Sansor,48,41%,89,52%,0,95%,0,00%,5,71%,1,90%,1,90%,105,245
251765,Preixana,48,41%,89,13%,3,48%,0,87%,2,61%,2,17%,1,74%,230,359
251771,Preixens,48,41%,90,39%,2,62%,0,44%,2,62%,0,87%,3,06%,229,405
82303,Premià de Dalt,48,41%,81,75%,11,85%,0,49%,3,23%,0,52%,2,16%,3654,8489
81727,Premià de Mar,48,41%,81,55%,10,70%,0,80%,3,86%,0,45%,2,64%,9462,23403
171390,Preses, les,48,41%,90,32%,3,02%,0,73%,1,25%,0,73%,3,95%,961,1444
251790,Prullans,48,41%,92,11%,4,39%,0,88%,0,00%,0,88%,1,75%,114,198
81751,Puig-reig,48,41%,90,37%,3,32%,1,12%,1,50%,0,51%,3,18%,2139,3728
171411,Puigcerdà,48,41%,81,33%,7,77%,0,97%,4,21%,0,61%,5,11%,2780,7331
81748,Puigdàlber,48,41%,91,11%,3,70%,1,85%,1,11%,0,37%,1,85%,270,444
251804,Puiggròs,48,41%,94,67%,1,33%,1,33%,0,00%,0,00%,2,67%,150,252
431191,Puigpelat,48,41%,83,57%,8,22%,0,57%,5,67%,1,13%,0,85%,353,845
251811,Puigverd d'Agramunt,48,41%,77,34%,9,38%,3,91%,4,69%,2,34%,2,34%,128,240
251826,Puigverd de Lleida,48,41%,83,31%,6,18%,1,00%,6,01%,2,00%,1,50%,599,1182
81764,Pujalt,48,41%,94,34%,0,94%,2,83%,0,00%,0,00%,1,89%,106,171
81770,Quar, la,48,41%,92,31%,3,85%,3,85%,0,00%,0,00%,0,00%,26,55
171426,Quart,48,41%,86,06%,6,87%,0,88%,3,10%,0,61%,2,49%,1485,2684
170433,Queralbs,48,41%,91,67%,2,78%,1,85%,0,00%,0,93%,2,78%,108,172
431205,Querol,48,41%,86,21%,3,45%,0,86%,2,59%,0,00%,6,90%,116,469
171432,Rabós,48,41%,91,26%,2,91%,0,97%,1,94%,0,00%,2,91%,103,159
81786,Rajadell,48,41%,89,82%,3,98%,1,77%,2,21%,0,88%,1,33%,226,465
431212,Rasquera,48,41%,92,14%,2,14%,0,71%,1,90%,1,43%,1,67%,420,726
171447,Regencós,48,41%,91,30%,5,07%,2,17%,0,00%,0,00%,1,45%,138,246
81799,Rellinars,48,41%,82,64%,8,36%,2,25%,2,25%,0,64%,3,86%,311,607
431227,Renau,48,41%,79,59%,8,16%,2,04%,10,20%,0,00%,0,00%,49,106
431233,Reus,48,41%,82,18%,8,25%,1,00%,4,77%,0,58%,3,21%,28234,86869
251832,Rialp,48,41%,85,10%,7,45%,0,78%,1,96%,2,35%,2,35%,255,570
431251,Riba-roja d'Ebre,48,41%,73,50%,10,71%,1,88%,6,02%,1,50%,6,39%,532,1189
431248,Riba, la,48,41%,80,12%,5,72%,0,90%,3,31%,2,41%,7,53%,332,542
259059,Ribera d'Ondara,48,41%,82,52%,4,88%,3,25%,3,66%,1,22%,4,47%,246,372
251850,Ribera d'Urgellet,48,41%,85,15%,6,16%,1,40%,1,40%,1,96%,3,92%,357,802
171450,Ribes de Freser,48,41%,90,75%,2,38%,1,62%,2,57%,0,48%,2,19%,1049,1680
171463,Riells i Viabrea,48,41%,84,27%,6,28%,0,97%,5,04%,0,41%,3,04%,1449,3163
431264,Riera de Gaià, la,48,41%,85,08%,7,08%,1,38%,3,23%,0,31%,2,92%,650,1278
251863,Riner,48,41%,90,91%,3,50%,1,40%,0,70%,2,80%,0,70%,143,243
171479,Ripoll,48,41%,87,33%,5,18%,1,03%,3,29%,0,89%,2,28%,5042,9270
81803,Ripollet,48,41%,67,36%,16,38%,0,87%,8,84%,0,49%,6,05%,7896,30011
259139,Riu de Cerdanya,48,41%,96,23%,1,89%,0,00%,1,89%,0,00%,0,00%,53,105
171485,Riudarenes,48,41%,87,57%,4,37%,1,85%,3,17%,0,53%,2,51%,756,1788
171498,Riudaura,48,41%,95,07%,1,76%,0,70%,0,70%,0,00%,1,76%,284,383
431270,Riudecanyes,48,41%,88,50%,7,02%,0,19%,1,95%,0,19%,2,14%,513,949
431286,Riudecols,48,41%,83,24%,7,75%,1,62%,3,78%,0,36%,3,24%,555,1098
171501,Riudellots de la Selva,48,41%,89,53%,4,47%,1,05%,1,71%,0,95%,2,28%,1051,1681
431299,Riudoms,48,41%,87,26%,4,18%,1,26%,4,26%,0,56%,2,48%,2701,5279
171518,Riumors,48,41%,88,12%,2,97%,2,97%,4,95%,0,00%,0,99%,101,208
81810,Roca del Vallès, la,48,41%,81,63%,9,38%,0,94%,4,54%,0,66%,2,85%,3925,8285
431303,Rocafort de Queralt,48,41%,94,56%,1,36%,2,72%,0,00%,0,68%,0,68%,147,230
431310,Roda de Barà,48,41%,76,71%,11,06%,0,99%,5,13%,0,54%,5,58%,1112,5315
81831,Roda de Ter,48,41%,91,28%,3,93%,0,81%,1,30%,0,46%,2,21%,3075,5031
431325,Rodonyà,48,41%,89,56%,4,02%,0,40%,1,61%,0,80%,3,61%,249,411
431331,Roquetes,48,41%,83,92%,7,26%,1,03%,4,20%,0,59%,2,99%,2712,6845
171523,Roses,48,41%,82,26%,6,87%,1,08%,4,91%,0,52%,4,36%,3873,16208
251898,Rosselló,48,41%,80,23%,8,89%,1,22%,4,62%,1,05%,4,01%,1148,2522
431346,Rourell, el,48,41%,77,71%,8,00%,1,71%,9,14%,2,29%,1,14%,175,327
81846,Rubí,48,41%,73,80%,13,91%,1,13%,6,22%,0,56%,4,38%,16518,60650
81859,Rubió,48,41%,83,70%,1,09%,0,00%,8,70%,0,00%,6,52%,92,186
171539,Rupià,48,41%,91,03%,4,14%,1,38%,1,38%,0,00%,2,07%,145,207
89019,Rupit i Pruit,48,41%,91,54%,1,99%,1,99%,0,00%,0,00%,4,48%,201,272
81878,Sabadell,48,41%,78,30%,11,27%,0,93%,5,20%,0,47%,3,83%,61241,171984
81884,Sagàs,48,41%,92,68%,1,22%,0,00%,1,22%,2,44%,2,44%,82,117
251902,Salàs de Pallars,48,41%,89,94%,4,73%,0,59%,1,78%,1,78%,1,18%,169,331
81901,Saldes,48,41%,86,62%,6,37%,1,27%,0,00%,1,27%,4,46%,157,279
171544,Sales de Llierca,48,41%,91,18%,2,94%,1,47%,0,00%,2,94%,1,47%,68,117
81918,Sallent,48,41%,85,82%,6,77%,1,09%,2,52%,0,82%,2,99%,2941,5821
431359,Salomó,48,41%,90,91%,2,48%,1,24%,1,24%,2,48%,1,65%,242,424
439057,Salou,48,41%,73,65%,11,04%,1,02%,8,75%,0,44%,5,09%,3613,22317
171557,Salt,48,41%,86,88%,4,82%,1,12%,3,50%,0,38%,3,30%,7059,23756
251919,Sanaüja,48,41%,91,42%,3,86%,0,86%,1,29%,0,43%,2,15%,233,386
81944,Sant Adrià de Besòs,48,41%,68,21%,16,27%,1,48%,8,42%,0,45%,5,16%,6196,28494
81957,Sant Agustí de Lluçanès,48,41%,92,54%,0,00%,2,99%,0,00%,2,99%,1,49%,67,86
81960,Sant Andreu de la Barca,48,41%,66,29%,17,96%,0,69%,9,44%,0,38%,5,24%,5212,21627
81976,Sant Andreu de Llavaneres,48,41%,85,05%,9,15%,1,04%,2,38%,0,41%,1,97%,3860,8532
171576,Sant Andreu Salou,48,41%,92,93%,5,05%,1,01%,0,00%,1,01%,0,00%,99,134
171833,Sant Aniol de Finestres,48,41%,97,74%,0,00%,0,00%,1,13%,0,00%,1,13%,177,296
81982,Sant Antoni de Vilamajor,48,41%,85,31%,7,90%,1,12%,2,93%,0,54%,2,20%,2594,4622
81995,Sant Bartomeu del Grau,48,41%,87,21%,5,33%,1,28%,2,56%,1,71%,1,92%,469,755
82009,Sant Boi de Llobregat,48,41%,67,67%,17,45%,1,06%,9,12%,0,47%,4,23%,18198,69513
82016,Sant Boi de Lluçanès,48,41%,95,00%,0,63%,1,88%,0,94%,1,25%,0,31%,320,486
431362,Sant Carles de la Ràpita,48,41%,87,48%,5,21%,1,71%,2,54%,0,39%,2,67%,5321,12813
82037,Sant Cebrià de Vallalta,48,41%,86,53%,6,29%,1,31%,2,94%,0,49%,2,45%,1225,2679
82021,Sant Celoni,48,41%,87,40%,6,35%,0,92%,2,70%,0,46%,2,16%,6708,14081
82042,Sant Climent de Llobregat,48,41%,80,23%,10,96%,0,74%,4,37%,0,61%,3,09%,1487,3091
171582,Sant Climent Sescebes,48,41%,83,65%,6,73%,0,00%,2,40%,0,48%,6,73%,208,505
82055,Sant Cugat del Vallès,48,41%,82,07%,12,31%,0,53%,3,01%,0,50%,1,59%,32130,67235
82068,Sant Cugat Sesgarrigues,48,41%,85,12%,7,74%,0,79%,2,18%,0,99%,3,17%,504,792
251961,Sant Esteve de la Sarga,48,41%,91,89%,0,00%,0,00%,0,00%,2,70%,5,41%,37,123
82074,Sant Esteve de Palautordera,48,41%,93,43%,2,45%,0,65%,1,16%,1,16%,1,16%,1385,1968
82080,Sant Esteve Sesrovires,48,41%,79,81%,10,24%,1,08%,4,81%,0,62%,3,44%,2412,6067
171595,Sant Feliu de Buixalleu,48,41%,88,31%,5,22%,1,24%,2,24%,0,25%,2,74%,402,666
82107,Sant Feliu de Codines,48,41%,89,16%,5,83%,1,49%,1,90%,0,37%,1,24%,2418,4866
171609,Sant Feliu de Guíxols,48,41%,84,89%,6,65%,1,21%,3,77%,0,47%,3,01%,6870,18339
82114,Sant Feliu de Llobregat,48,41%,70,28%,17,09%,0,91%,7,35%,0,35%,4,02%,11939,35993
171616,Sant Feliu de Pallerols,48,41%,91,91%,3,10%,0,40%,0,94%,1,21%,2,43%,742,1108
82129,Sant Feliu Sasserra,48,41%,92,99%,1,56%,1,56%,0,26%,1,30%,2,34%,385,545
171621,Sant Ferriol,48,41%,92,21%,2,60%,0,00%,3,90%,1,30%,0,00%,77,193
82093,Sant Fost de Campsentelles,48,41%,78,38%,10,79%,0,91%,8,17%,0,40%,1,35%,2743,7088
82135,Sant Fruitós de Bages,48,41%,86,51%,6,65%,0,74%,3,14%,0,34%,2,63%,3536,6644
171637,Sant Gregori,48,41%,92,02%,3,04%,0,71%,1,25%,0,71%,2,28%,1843,2752
251924,Sant Guim de Freixenet,48,41%,87,11%,5,66%,1,37%,2,73%,0,78%,2,34%,512,940
251977,Sant Guim de la Plana,48,41%,98,04%,0,98%,0,98%,0,00%,0,00%,0,00%,102,159
171642,Sant Hilari Sacalm,48,41%,90,92%,3,62%,0,81%,2,11%,0,42%,2,11%,2842,4849
82153,Sant Hipòlit de Voltregà,48,41%,92,58%,2,64%,1,29%,1,46%,0,56%,1,46%,1778,2896
81939,Sant Iscle de Vallalta,48,41%,86,01%,6,62%,2,27%,1,51%,0,57%,3,02%,529,1060
439023,Sant Jaume d'Enveja,48,41%,84,26%,4,37%,2,54%,3,42%,0,87%,4,53%,1258,3031
82166,Sant Jaume de Frontanyà,48,41%,100,00%,0,00%,0,00%,0,00%,0,00%,0,00%,21,22
171655,Sant Jaume de Llierca,48,41%,90,44%,2,67%,1,56%,0,67%,0,89%,3,78%,450,698
431378,Sant Jaume dels Domenys,48,41%,85,19%,8,06%,0,59%,2,84%,0,24%,3,08%,844,2067
171674,Sant Joan de les Abadesses,48,41%,90,77%,3,06%,1,00%,1,42%,0,63%,3,11%,1897,2994
171680,Sant Joan de Mollet,48,41%,90,49%,2,82%,0,70%,1,06%,0,70%,4,23%,284,429
82188,Sant Joan de Vilatorrada,48,41%,80,31%,8,45%,0,98%,8,21%,0,52%,1,53%,3656,8869
82172,Sant Joan Despí,48,41%,70,53%,18,42%,0,91%,6,30%,0,44%,3,39%,8111,26636
171851,Sant Joan les Fonts,48,41%,91,44%,3,32%,1,92%,0,89%,0,26%,2,17%,1566,2497
171668,Sant Jordi Desvalls,48,41%,94,56%,1,30%,0,78%,0,52%,0,00%,2,85%,386,590
89030,Sant Julià de Cerdanyola,48,41%,95,21%,1,80%,0,00%,1,20%,1,80%,0,00%,167,215
171693,Sant Julià de Ramis,48,41%,86,56%,6,22%,0,64%,3,25%,0,64%,2,69%,1414,2712
82205,Sant Julià de Vilatorta,48,41%,95,39%,2,64%,0,36%,0,36%,0,62%,0,62%,1932,2470
179032,Sant Julià del Llor i Bonmatí,48,41%,93,70%,1,58%,0,70%,2,45%,0,18%,1,40%,571,1022
82212,Sant Just Desvern,48,41%,81,41%,12,03%,0,65%,4,49%,0,48%,0,94%,6260,13889
82227,Sant Llorenç d'Hortons,48,41%,86,52%,6,46%,1,29%,3,23%,0,46%,2,03%,1083,2027
171714,Sant Llorenç de la Muga,48,41%,84,35%,2,61%,1,74%,4,35%,1,74%,5,22%,115,217
251930,Sant Llorenç de Morunys,48,41%,90,91%,4,18%,1,27%,1,27%,0,55%,1,82%,550,867
82233,Sant Llorenç Savall,48,41%,89,09%,4,33%,1,62%,3,52%,0,45%,0,99%,1109,2014
82251,Sant Martí d'Albars,48,41%,97,22%,0,00%,1,39%,0,00%,0,00%,1,39%,72,93
82248,Sant Martí de Centelles,48,41%,87,77%,5,79%,0,64%,2,36%,1,72%,1,72%,466,900
171729,Sant Martí de Llémena,48,41%,93,53%,2,59%,0,97%,0,97%,0,32%,1,62%,309,512
259025,Sant Martí de Riucorb,48,41%,89,63%,4,79%,1,86%,0,80%,0,80%,2,13%,376,608
82264,Sant Martí de Tous,48,41%,90,85%,3,60%,1,20%,1,95%,0,30%,2,10%,667,920
82270,Sant Martí Sarroca,48,41%,87,98%,6,04%,1,05%,2,18%,0,84%,1,90%,1423,2607
82286,Sant Martí Sesgueioles,48,41%,85,71%,2,86%,0,95%,2,38%,0,95%,7,14%,210,317
171735,Sant Martí Vell,48,41%,91,60%,4,58%,1,53%,0,76%,0,00%,1,53%,131,193
82299,Sant Mateu de Bages,48,41%,91,36%,2,47%,1,98%,0,99%,1,23%,1,98%,405,571
171740,Sant Miquel de Campmajor,48,41%,89,66%,3,45%,2,59%,0,86%,1,72%,1,72%,116,192
171753,Sant Miquel de Fluvià,48,41%,71,84%,4,85%,3,40%,6,31%,2,91%,10,68%,206,673
171766,Sant Mori,48,41%,89,04%,1,37%,0,00%,8,22%,1,37%,0,00%,73,155
171772,Sant Pau de Segúries,48,41%,89,17%,1,26%,3,53%,1,26%,1,76%,3,02%,397,592
82310,Sant Pere de Ribes,48,41%,77,16%,11,68%,1,00%,5,33%,0,46%,4,36%,7199,23255
82325,Sant Pere de Riudebitlles,48,41%,86,42%,6,45%,1,26%,2,85%,0,34%,2,68%,1193,1912
82331,Sant Pere de Torelló,48,41%,92,74%,2,56%,0,78%,1,14%,0,71%,2,06%,1405,2061
82346,Sant Pere de Vilamajor,48,41%,86,56%,6,66%,1,12%,2,49%,0,50%,2,68%,1607,3383
171788,Sant Pere Pescador,48,41%,88,36%,3,56%,1,37%,2,19%,0,68%,3,84%,730,1805
81897,Sant Pere Sallavinera,48,41%,92,31%,1,92%,0,96%,0,00%,1,92%,2,88%,104,145
82359,Sant Pol de Mar,48,41%,89,13%,6,76%,0,61%,1,39%,0,69%,1,43%,2309,4218
82362,Sant Quintí de Mediona,48,41%,88,39%,4,90%,1,38%,1,92%,0,32%,3,09%,939,1732
82378,Sant Quirze de Besora,48,41%,89,71%,4,90%,0,83%,1,08%,0,83%,2,66%,1205,1855
82384,Sant Quirze del Vallès,48,41%,82,62%,11,55%,0,47%,3,35%,0,55%,1,46%,8028,15266
82397,Sant Quirze Safaja,48,41%,87,87%,7,95%,2,09%,0,84%,0,00%,1,26%,239,513
251945,Sant Ramon,48,41%,88,65%,2,13%,2,84%,1,77%,2,84%,1,77%,282,472
82401,Sant Sadurní d'Anoia,48,41%,85,27%,8,12%,0,84%,2,88%,0,53%,2,35%,5446,10199
82418,Sant Sadurní d'Osormort,48,41%,94,44%,3,70%,0,00%,0,00%,0,00%,1,85%,54,79
80983,Sant Salvador de Guardiola,48,41%,80,63%,7,57%,1,26%,6,22%,0,27%,4,05%,1110,2507
82628,Sant Vicenç de Castellet,48,41%,83,10%,6,63%,1,21%,4,18%,0,83%,4,05%,3137,7831
82649,Sant Vicenç de Montalt,48,41%,85,47%,8,78%,0,74%,2,80%,0,41%,1,79%,2175,4603
82652,Sant Vicenç de Torelló,48,41%,93,92%,2,70%,1,10%,0,76%,0,51%,1,01%,1184,1664
82634,Sant Vicenç dels Horts,48,41%,73,74%,13,68%,0,86%,9,67%,0,34%,1,70%,6410,22994
431384,Santa Bàrbara,48,41%,79,71%,7,37%,1,82%,6,18%,0,95%,3,96%,1262,3252
82439,Santa Cecília de Voltregà,48,41%,95,89%,2,05%,1,37%,0,00%,0,00%,0,68%,146,162
82444,Santa Coloma de Cervelló,48,41%,75,65%,13,97%,1,15%,5,26%,0,56%,3,41%,2698,6156
171805,Santa Coloma de Farners,48,41%,91,28%,4,07%,0,96%,1,62%,0,45%,1,62%,4888,10231
82457,Santa Coloma de Gramenet,48,41%,62,27%,18,22%,1,14%,11,06%,0,53%,6,77%,17797,100652
431397,Santa Coloma de Queralt,48,41%,88,97%,3,91%,0,96%,1,23%,0,07%,4,87%,1459,2418
171812,Santa Cristina d'Aro,48,41%,83,38%,7,54%,0,77%,4,45%,0,65%,3,20%,1685,4175
82460,Santa Eugènia de Berga,48,41%,95,07%,1,54%,0,69%,0,77%,0,54%,1,39%,1297,1922
82476,Santa Eulàlia de Riuprimer,48,41%,96,44%,1,34%,0,00%,0,89%,0,45%,0,89%,674,990
82482,Santa Eulàlia de Ronçana,48,41%,82,78%,8,50%,1,07%,3,81%,0,37%,3,47%,2706,5628
82495,Santa Fe del Penedès,48,41%,88,99%,3,52%,1,76%,2,64%,0,44%,2,64%,227,301
171827,Santa Llogaia d'Àlguema,48,41%,75,56%,10,00%,1,11%,4,44%,0,00%,8,89%,90,279
82508,Santa Margarida de Montbui,48,41%,68,66%,12,29%,1,41%,9,91%,0,44%,7,29%,2058,7877
82515,Santa Margarida i els Monjos,48,41%,80,27%,8,26%,0,83%,4,27%,0,50%,5,87%,2179,5728
82589,Santa Maria d'Oló,48,41%,93,05%,2,11%,0,91%,1,51%,0,45%,1,96%,662,898
82536,Santa Maria de Besora,48,41%,98,26%,0,87%,0,00%,0,00%,0,87%,0,00%,115,142
82567,Santa Maria de Martorelles,48,41%,89,01%,6,59%,0,82%,2,20%,0,27%,1,10%,364,694
82554,Santa Maria de Merlès,48,41%,93,02%,2,33%,1,16%,0,00%,0,00%,3,49%,86,137
82573,Santa Maria de Miralles,48,41%,92,86%,2,86%,1,43%,0,00%,0,00%,2,86%,70,117
82592,Santa Maria de Palautordera,48,41%,86,99%,6,02%,0,82%,2,67%,0,75%,2,75%,3890,7458
431401,Santa Oliva,48,41%,81,13%,6,34%,1,38%,6,06%,0,00%,5,10%,726,2665
171848,Santa Pau,48,41%,92,45%,2,21%,1,31%,1,01%,1,21%,1,81%,994,1366
82606,Santa Perpètua de Mogoda,48,41%,71,33%,15,51%,0,84%,7,22%,0,35%,4,74%,6220,20290
82613,Santa Susanna,48,41%,85,33%,6,79%,0,80%,3,29%,0,30%,3,49%,1002,2687
81923,Santpedor,48,41%,88,06%,6,48%,0,76%,2,41%,0,76%,1,53%,3408,5948
431423,Sarral,48,41%,87,48%,4,13%,1,24%,3,99%,0,96%,2,20%,727,1357
171864,Sarrià de Ter,48,41%,84,92%,7,37%,0,83%,3,17%,0,68%,3,03%,2049,4070
252017,Sarroca de Bellera,48,41%,96,23%,0,00%,0,00%,0,00%,0,00%,3,77%,53,122
252000,Sarroca de Lleida,48,41%,88,07%,2,06%,1,23%,0,82%,0,41%,7,41%,243,366
171870,Saus, Camallera i Llampaies,48,41%,84,98%,8,74%,2,02%,1,57%,0,67%,2,02%,446,652
431439,Savallà del Comtat,48,41%,88,24%,5,88%,0,00%,0,00%,5,88%,0,00%,34,61
431444,Secuita, la,48,41%,84,87%,7,18%,1,09%,3,90%,0,78%,2,18%,641,1339
171886,Selva de Mar, la,48,41%,91,60%,1,53%,0,76%,3,82%,0,76%,1,53%,131,167
431457,Selva del Camp, la,48,41%,85,69%,6,58%,1,51%,2,58%,0,80%,2,84%,2250,4521
431460,Senan,48,41%,100,00%,0,00%,0,00%,0,00%,0,00%,0,00%,21,48
430445,Sénia, la,48,41%,75,31%,9,33%,1,70%,6,69%,0,82%,6,16%,1705,4998
252022,Senterada,48,41%,84,38%,9,38%,0,00%,0,00%,1,56%,4,69%,64,129
250352,Sentiu de Sió, la,48,41%,86,72%,4,15%,1,24%,3,32%,1,66%,2,90%,241,428
82671,Sentmenat,48,41%,81,15%,9,01%,1,19%,5,86%,0,28%,2,51%,2865,6990
171903,Serinyà,48,41%,92,53%,4,17%,0,69%,1,39%,0,52%,0,69%,576,903
252043,Seròs,48,41%,82,79%,6,93%,1,23%,2,79%,2,01%,4,25%,895,1642
171910,Serra de Daró,48,41%,91,13%,4,03%,0,81%,0,00%,0,81%,3,23%,124,172
171925,Setcases,48,41%,87,27%,9,09%,0,91%,0,00%,0,00%,2,73%,110,173
252038,Seu d'Urgell, la,48,41%,83,57%,8,19%,1,68%,3,23%,0,68%,2,64%,4235,10439
82690,Seva,48,41%,93,85%,2,77%,0,61%,1,11%,0,55%,1,11%,1805,2848
252056,Sidamon,48,41%,80,71%,9,20%,0,30%,4,15%,0,89%,4,75%,337,609
171931,Sils,48,41%,84,86%,6,29%,1,34%,3,12%,1,00%,3,40%,1796,4604
82704,Sitges,48,41%,80,86%,11,30%,0,63%,3,90%,0,52%,2,80%,7727,24379
170524,Siurana,48,41%,94,81%,2,60%,1,30%,0,00%,0,00%,1,30%,77,151
82711,Sobremunt,48,41%,100,00%,0,00%,0,00%,0,00%,0,00%,0,00%,49,75
252069,Soleràs, el,48,41%,92,51%,1,76%,1,76%,0,44%,1,32%,2,20%,227,312
431476,Solivella,48,41%,93,69%,2,27%,0,51%,0,51%,1,52%,1,52%,396,555
252075,Solsona,48,41%,88,93%,4,81%,0,90%,1,98%,0,90%,2,47%,3884,7551
82726,Sora,48,41%,95,31%,1,56%,0,00%,1,56%,0,78%,0,78%,128,152
252081,Soriguera,48,41%,87,29%,7,73%,1,66%,2,76%,0,00%,0,55%,181,332
252094,Sort,48,41%,87,43%,4,63%,1,21%,1,87%,0,77%,4,08%,907,1887
252108,Soses,48,41%,89,27%,5,96%,0,66%,1,72%,0,26%,2,12%,755,1471
82732,Subirats,48,41%,90,47%,3,71%,1,47%,1,53%,0,26%,2,56%,1564,2482
252115,Sudanell,48,41%,86,92%,4,91%,2,57%,3,04%,0,47%,2,10%,428,785
252120,Sunyer,48,41%,90,59%,2,94%,0,59%,1,18%,1,76%,2,94%,170,264
82747,Súria,48,41%,79,41%,10,23%,1,47%,4,84%,0,55%,3,49%,2375,5265
171946,Susqueda,48,41%,92,11%,5,26%,0,00%,0,00%,2,63%,0,00%,38,92
82763,Tagamanent,48,41%,86,14%,5,42%,2,41%,2,41%,2,41%,1,20%,166,255
82779,Talamanca,48,41%,96,15%,3,85%,0,00%,0,00%,0,00%,0,00%,52,127
252154,Talarn,48,41%,80,35%,9,25%,1,16%,2,89%,0,00%,6,36%,173,379
252167,Talavera,48,41%,86,30%,10,27%,0,00%,0,68%,0,68%,2,05%,146,244
171959,Tallada d'Empordà, la,48,41%,90,46%,5,81%,0,00%,1,66%,0,83%,1,24%,241,382
82785,Taradell,48,41%,94,15%,2,88%,0,42%,0,78%,0,61%,1,16%,3608,5093
431482,Tarragona,48,41%,77,57%,10,74%,0,97%,7,07%,0,50%,3,16%,30341,110504
252173,Tàrrega,48,41%,89,17%,5,10%,0,93%,2,35%,0,53%,1,93%,6259,13486
252189,Tarrés,48,41%,94,83%,1,72%,0,00%,1,72%,1,72%,0,00%,58,96
252192,Tarroja de Segarra,48,41%,95,05%,4,95%,0,00%,0,00%,0,00%,0,00%,101,154
82750,Tavèrnoles,48,41%,93,48%,3,26%,0,00%,0,54%,2,17%,0,54%,184,268
82802,Tavertet,48,41%,96,05%,2,63%,0,00%,0,00%,0,00%,1,32%,76,112
82819,Teià,48,41%,85,97%,8,86%,0,37%,2,10%,0,27%,2,43%,2957,5113
252206,Térmens,48,41%,89,05%,4,13%,1,42%,2,56%,1,28%,1,56%,703,1361
171962,Terrades,48,41%,87,97%,4,51%,0,00%,5,26%,1,50%,0,75%,133,228
82798,Terrassa,48,41%,77,16%,11,83%,0,95%,6,02%,0,48%,3,56%,58190,175127
82824,Tiana,48,41%,84,04%,10,20%,0,68%,2,68%,0,55%,1,84%,3804,6649
252213,Tírvia,48,41%,89,23%,4,62%,0,00%,1,54%,0,00%,4,62%,65,143
252228,Tiurana,48,41%,91,30%,0,00%,0,00%,0,00%,0,00%,8,70%,23,68
431495,Tivenys,48,41%,82,17%,7,24%,2,58%,4,91%,1,55%,1,55%,387,776
431508,Tivissa,48,41%,88,64%,5,15%,0,79%,2,91%,0,79%,1,72%,757,1585
82830,Tona,48,41%,89,53%,4,08%,0,97%,3,11%,0,59%,1,73%,3926,6511
252234,Torà,48,41%,90,16%,4,02%,1,64%,0,89%,0,30%,2,98%,671,1094
82845,Tordera,48,41%,83,50%,7,19%,0,99%,4,09%,0,50%,3,73%,4769,13385
82858,Torelló,48,41%,91,12%,3,89%,0,76%,1,86%,0,54%,1,83%,6611,11576
252249,Torms, els,48,41%,89,90%,1,01%,2,02%,4,04%,1,01%,2,02%,99,138
252252,Tornabous,48,41%,92,60%,3,82%,1,43%,0,72%,0,48%,0,95%,419,800
252271,Torre de Cabdella, la,48,41%,92,42%,2,65%,2,27%,0,76%,1,14%,0,76%,264,691
82861,Torre de Claramunt, la,48,41%,79,10%,7,57%,1,08%,6,85%,0,54%,4,86%,1110,3078
431515,Torre de Fontaubella, la,48,41%,93,42%,0,00%,3,95%,1,32%,1,32%,0,00%,76,114
431520,Torre de l'Espanyol, la,48,41%,87,54%,4,26%,1,82%,3,34%,0,61%,2,43%,329,580
252332,Torre-serona,48,41%,78,66%,10,37%,1,83%,5,49%,1,22%,2,44%,164,316
252265,Torrebesses,48,41%,90,17%,2,31%,0,00%,1,16%,2,31%,4,05%,173,269
431536,Torredembarra,48,41%,81,46%,8,27%,0,89%,6,00%,0,33%,3,05%,3932,12746
252287,Torrefarrera,48,41%,83,97%,8,23%,0,80%,2,91%,1,30%,2,78%,1616,3442
259078,Torrefeta i Florejacs,48,41%,89,54%,3,59%,2,29%,0,00%,1,31%,3,27%,306,546
252304,Torregrossa,48,41%,84,49%,6,84%,1,63%,3,27%,1,53%,2,24%,980,1927
252311,Torrelameu,48,41%,87,27%,2,42%,1,82%,2,42%,1,82%,4,24%,330,649
82877,Torrelavit,48,41%,90,91%,4,75%,1,36%,1,49%,0,81%,0,68%,737,1166
82883,Torrelles de Foix,48,41%,79,05%,7,37%,1,73%,3,18%,1,16%,7,51%,692,1943
82896,Torrelles de Llobregat,48,41%,85,45%,8,48%,0,63%,4,15%,0,36%,0,94%,2240,4510
171978,Torrent,48,41%,85,71%,3,81%,0,95%,3,81%,2,86%,2,86%,105,162
252326,Torres de Segre,48,41%,83,84%,7,85%,1,64%,3,04%,0,94%,2,69%,854,1953
171984,Torroella de Fluvià,48,41%,87,34%,3,93%,1,75%,3,93%,0,44%,2,62%,229,615
171997,Torroella de Montgrí,48,41%,91,19%,3,35%,0,48%,1,59%,0,80%,2,58%,4145,9414
431541,Torroja del Priorat,48,41%,87,10%,0,00%,4,30%,1,08%,1,08%,6,45%,93,154
172001,Tortellà,48,41%,86,73%,3,43%,2,52%,2,06%,1,60%,3,66%,437,659
431554,Tortosa,48,41%,84,01%,7,87%,0,71%,4,08%,0,69%,2,64%,10589,28413
172018,Toses,48,41%,94,03%,2,99%,0,00%,0,00%,1,49%,1,49%,67,130
172023,Tossa de Mar,48,41%,84,28%,5,15%,1,64%,4,49%,0,49%,3,94%,1826,5062
252347,Tremp,48,41%,87,77%,5,23%,0,91%,2,68%,0,86%,2,55%,2314,5320
172044,Ullà,48,41%,87,04%,3,09%,0,93%,2,47%,0,93%,5,56%,324,861
82900,Ullastrell,48,41%,89,22%,6,21%,0,20%,1,63%,0,51%,2,24%,983,1555
172057,Ullastret,48,41%,93,37%,3,61%,1,20%,0,60%,0,60%,0,60%,166,225
431567,Ulldecona,48,41%,82,42%,6,94%,1,91%,4,29%,0,74%,3,71%,1888,6041
431573,Ulldemolins,48,41%,90,57%,4,15%,1,13%,2,64%,0,00%,1,51%,265,399
172039,Ultramort,48,41%,96,40%,1,80%,0,00%,1,80%,0,00%,0,00%,111,174
172060,Urús,48,41%,86,36%,2,27%,7,95%,1,14%,2,27%,0,00%,88,160
82917,Vacarisses,48,41%,81,38%,11,59%,0,38%,3,65%,0,54%,2,47%,1864,4770
170144,Vajol, la,48,41%,82,69%,9,62%,0,00%,1,92%,0,00%,5,77%,52,86
172076,Vall d'en Bas, la,48,41%,93,36%,2,39%,1,02%,0,97%,0,57%,1,70%,1761,2478
172082,Vall de Bianya, la,48,41%,94,13%,3,08%,0,73%,0,15%,0,44%,1,47%,682,1087
250432,Vall de Boí, la,48,41%,89,17%,5,54%,1,26%,2,77%,0,50%,0,76%,397,912
259010,Vall de Cardós,48,41%,90,11%,3,30%,1,10%,2,75%,0,00%,2,75%,182,345
172095,Vall-llobrega,48,41%,89,53%,6,34%,1,38%,1,38%,0,00%,1,38%,363,709
82922,Vallbona d'Anoia,48,41%,84,19%,4,07%,0,94%,4,69%,0,00%,6,10%,639,1195
252385,Vallbona de les Monges,48,41%,86,43%,4,29%,2,14%,1,43%,2,14%,3,57%,140,238
82938,Vallcebre,48,41%,94,70%,1,99%,0,66%,0,00%,0,66%,1,99%,151,241
431589,Vallclara,48,41%,91,38%,5,17%,0,00%,0,00%,1,72%,1,72%,58,98
252402,Vallfogona de Balaguer,48,41%,85,28%,7,49%,0,76%,2,41%,1,02%,3,05%,788,1576
171707,Vallfogona de Ripollès,48,41%,95,00%,2,14%,0,71%,0,71%,1,43%,0,00%,140,194
431592,Vallfogona de Riucorb,48,41%,92,86%,0,00%,1,79%,3,57%,1,79%,0,00%,56,112
82943,Vallgorguina,48,41%,88,45%,6,36%,1,43%,1,79%,0,18%,1,79%,1117,2145
82956,Vallirana,48,41%,78,39%,11,73%,0,70%,7,32%,0,39%,1,46%,3837,11702
431606,Vallmoll,48,41%,81,92%,6,35%,1,15%,5,77%,0,38%,4,42%,520,1395
82969,Vallromanes,48,41%,80,27%,12,50%,0,39%,3,52%,0,49%,2,83%,1024,1939
431613,Valls,48,41%,87,47%,5,08%,0,91%,3,07%,0,59%,2,88%,9119,20309
259062,Valls d'Aguilar, les,48,41%,90,00%,4,44%,1,11%,1,11%,1,11%,2,22%,90,283
252398,Valls de Valira, les,48,41%,94,42%,2,15%,0,86%,1,29%,0,00%,1,29%,233,789
431628,Vandellòs i l'Hospitalet de l'Infant,48,41%,77,37%,10,56%,1,39%,7,08%,0,81%,2,79%,1723,4965
259097,Vansa i Fórnols, la,48,41%,89,74%,3,85%,1,28%,1,28%,2,56%,1,28%,78,190
82975,Veciana,48,41%,88,10%,8,33%,1,19%,0,00%,0,00%,2,38%,84,147
431634,Vendrell, el,48,41%,80,77%,9,48%,0,85%,4,48%,0,54%,3,87%,7899,29948
172109,Ventalló,48,41%,92,66%,3,36%,0,31%,0,61%,0,31%,2,75%,327,675
252424,Verdú,48,41%,87,57%,4,54%,0,99%,2,17%,1,58%,3,16%,507,874
172116,Verges,48,41%,91,45%,3,36%,0,76%,1,53%,1,07%,1,83%,655,1020
431649,Vespella de Gaià,48,41%,78,57%,9,18%,4,08%,7,14%,0,00%,1,02%,98,347
82981,Vic,48,41%,92,07%,3,73%,0,51%,1,53%,0,48%,1,68%,16834,33655
172121,Vidrà,48,41%,92,24%,0,00%,0,86%,2,59%,1,72%,2,59%,116,141
172137,Vidreres,48,41%,86,24%,5,07%,1,11%,3,77%,0,50%,3,32%,2624,6302
252430,Vielha e Mijaran,48,41%,62,37%,15,77%,2,39%,10,87%,1,08%,7,53%,837,4660
431704,Vila-rodona,48,41%,89,20%,3,91%,1,30%,1,12%,0,74%,3,72%,537,1039
172305,Vila-sacra,48,41%,83,68%,7,11%,1,26%,4,18%,0,42%,3,35%,239,540
252521,Vila-sana,48,41%,84,53%,6,08%,1,93%,5,25%,1,38%,0,83%,362,601
431711,Vila-seca,48,41%,69,21%,12,46%,0,86%,12,71%,0,43%,4,34%,3274,17634
431652,Vilabella,48,41%,93,23%,1,27%,0,63%,2,54%,0,63%,1,69%,473,699
172142,Vilabertran,48,41%,91,12%,2,73%,1,14%,1,37%,0,68%,2,96%,439,770
172155,Vilablareix,48,41%,88,56%,5,80%,0,70%,2,32%,0,62%,2,01%,1294,2056
82994,Vilada,48,41%,93,21%,1,79%,0,36%,1,43%,0,36%,2,86%,280,431
172174,Viladamat,48,41%,92,83%,1,89%,0,75%,1,13%,1,13%,2,26%,265,396
172168,Viladasens,48,41%,89,78%,3,65%,0,73%,2,92%,1,46%,1,46%,137,185
83015,Viladecans,48,41%,63,42%,19,27%,0,88%,11,04%,0,45%,4,94%,12824,52974
83008,Viladecavalls,48,41%,79,42%,12,13%,0,52%,4,75%,0,41%,2,77%,2672,5941
172180,Vilademuls,48,41%,94,33%,2,60%,0,00%,0,47%,0,47%,2,13%,423,670
172207,Viladrau,48,41%,93,47%,2,75%,0,52%,1,03%,0,00%,2,23%,582,899
172214,Vilafant,48,41%,83,92%,6,73%,0,87%,4,88%,0,51%,3,08%,1947,4479
83054,Vilafranca del Penedès,48,41%,86,91%,6,46%,0,77%,2,96%,0,41%,2,49%,14573,31798
252445,Vilagrassa,48,41%,85,88%,6,27%,0,78%,2,75%,0,39%,3,92%,255,415
172235,Vilajuïga,48,41%,78,63%,6,62%,1,71%,7,05%,0,85%,5,13%,468,984
431750,Vilalba dels Arcs,48,41%,84,79%,5,18%,1,29%,1,94%,0,00%,6,80%,309,632
83067,Vilalba Sasserra,48,41%,81,78%,5,04%,1,94%,4,26%,0,78%,6,20%,258,546
252458,Vilaller,48,41%,75,14%,12,97%,1,08%,5,95%,1,62%,3,24%,185,551
172240,Vilallonga de Ter,48,41%,93,67%,2,53%,1,27%,1,27%,0,00%,1,27%,237,389
431665,Vilallonga del Camp,48,41%,80,91%,8,06%,1,84%,6,08%,0,99%,2,12%,707,1778
172253,Vilamacolum,48,41%,93,18%,3,03%,3,03%,0,00%,0,00%,0,76%,132,258
172266,Vilamalla,48,41%,78,64%,8,67%,0,62%,5,88%,0,00%,6,19%,323,904
172272,Vilamaniscle,48,41%,95,60%,3,30%,0,00%,1,10%,0,00%,0,00%,91,120
252477,Vilamòs,48,41%,67,86%,17,86%,3,57%,7,14%,0,00%,3,57%,28,146
172288,Vilanant,48,41%,91,30%,3,11%,3,11%,0,62%,1,86%,0,00%,161,313
431671,Vilanova d'Escornalbou,48,41%,88,37%,3,88%,2,33%,3,10%,0,00%,2,33%,258,470
252483,Vilanova de Bellpuig,48,41%,95,85%,1,86%,0,57%,1,29%,0,14%,0,29%,699,1000
252496,Vilanova de l'Aguda,48,41%,91,67%,4,17%,0,83%,0,00%,0,83%,2,50%,120,210
252542,Vilanova de la Barca,48,41%,87,97%,4,01%,1,89%,1,42%,1,18%,3,54%,424,987
252509,Vilanova de Meià,48,41%,91,27%,2,18%,0,87%,0,44%,3,49%,1,75%,229,372
431687,Vilanova de Prades,48,41%,90,63%,3,13%,4,69%,1,56%,0,00%,0,00%,64,114
83036,Vilanova de Sau,48,41%,91,09%,3,47%,1,98%,0,99%,1,98%,0,50%,202,295
252516,Vilanova de Segrià,48,41%,90,87%,2,81%,1,41%,2,58%,0,23%,2,11%,427,782
83020,Vilanova del Camí,48,41%,65,87%,13,97%,1,66%,11,74%,0,57%,6,19%,2649,10074
89024,Vilanova del Vallès,48,41%,80,83%,10,51%,1,11%,4,38%,0,26%,2,90%,1894,3910
83073,Vilanova i la Geltrú,48,41%,81,38%,9,66%,1,11%,4,60%,0,46%,2,79%,20678,55062
431690,Vilaplana,48,41%,93,11%,2,69%,1,20%,0,90%,0,00%,2,10%,334,558
82140,Vilassar de Dalt,48,41%,86,91%,7,14%,1,02%,2,20%,0,57%,2,15%,4004,7363
82191,Vilassar de Mar,48,41%,83,91%,9,76%,0,95%,2,87%,0,68%,1,83%,8647,16401
172229,Vilaür,48,41%,90,14%,4,23%,0,00%,1,41%,0,00%,4,23%,71,114
431726,Vilaverd,48,41%,89,04%,2,19%,0,44%,5,26%,1,32%,1,75%,228,420
431732,Vilella Alta, la,48,41%,92,11%,0,00%,3,95%,1,32%,1,32%,1,32%,76,111
431747,Vilella Baixa, la,48,41%,92,04%,1,77%,0,88%,1,77%,0,00%,3,54%,113,177
172333,Vilobí d'Onyar,48,41%,91,15%,3,73%,1,33%,1,33%,0,53%,1,93%,1503,2518
83041,Vilobí del Penedès,48,41%,89,34%,4,40%,0,68%,1,18%,1,18%,3,21%,591,901
172327,Vilopriu,48,41%,88,42%,5,26%,0,00%,1,05%,1,05%,4,21%,95,173
252537,Vilosell, el,48,41%,84,26%,4,63%,1,85%,3,70%,0,00%,5,56%,108,182
431763,Vimbodí i Poblet,48,41%,91,81%,4,27%,1,37%,0,34%,1,19%,1,02%,586,847
252555,Vinaixa,48,41%,87,80%,4,07%,2,71%,2,37%,0,68%,2,37%,295,506
431779,Vinebre,48,41%,87,56%,5,99%,2,30%,0,46%,0,92%,2,76%,217,410
431785,Vinyols i els Arcs,48,41%,82,39%,7,69%,1,37%,2,91%,0,68%,4,96%,585,1609
83089,Viver i Serrateix,48,41%,93,04%,2,61%,0,87%,0,00%,0,87%,2,61%,115,148
430521,Xerta,48,41%,84,67%,3,75%,1,70%,4,26%,1,70%,3,92%,587,1092